date,NoDur,Durbl,Manuf,Enrgy,HiTec,Telcm,Shops,Hlth,Utils,Other
20030102,1.82,4.39,2.68,1.91,4.32,4.98,3.03,2.72,2.02,3.09
20030103,-0.51,-1.15,-0.36,0.00,0.50,0.30,-2.40,0.87,0.66,-0.06
20030106,0.45,2.02,1.56,1.64,3.09,5.37,0.65,1.05,3.98,2.22
20030107,-0.34,-0.36,-1.20,-3.37,1.45,-0.95,-0.11,-1.31,-2.43,-0.77
20030108,-0.42,-2.03,-1.66,-0.66,-2.42,-3.10,-0.64,-1.07,0.58,-1.03
20030109,1.44,2.04,1.47,1.74,3.12,1.43,2.62,1.49,0.17,1.67
20030110,-0.15,0.24,0.31,-1.11,0.72,-0.08,-0.16,0.01,-0.55,-0.09
20030113,0.49,0.41,-0.43,-0.39,-0.52,0.41,-0.26,0.09,-1.93,0.10
20030114,-0.09,0.17,0.21,0.55,1.20,1.45,0.06,0.04,0.29,0.65
20030115,-1.14,-1.11,-1.17,-0.28,-1.90,-2.13,-1.16,-1.21,-0.23,-1.32
20030116,1.13,-0.16,0.56,0.76,-1.69,-1.35,0.02,0.06,-0.26,-0.47
20030117,-0.50,-1.11,-1.02,-0.94,-4.59,-2.11,-0.86,-0.46,-0.95,-0.53
20030121,-0.97,-1.96,-1.66,-2.03,-0.70,-2.51,-2.23,-0.71,-1.60,-1.82
20030122,-0.46,-2.87,-1.33,-0.79,-0.73,-0.44,-1.06,-0.19,-0.74,-1.42
20030123,-0.92,2.07,1.23,-0.01,2.88,-2.51,0.89,0.41,1.03,1.23
20030124,-1.73,-2.10,-2.34,-2.05,-3.53,-3.43,-2.57,-2.51,-2.14,-2.97
20030127,-1.29,-1.80,-1.89,-2.91,-1.48,-0.86,-1.49,-2.22,-2.95,-1.34
20030128,-0.07,1.19,1.32,2.08,1.79,0.33,1.17,1.89,2.32,0.92
20030129,-1.24,0.17,0.26,3.26,1.23,1.51,0.26,0.77,0.11,0.31
20030130,-1.98,-2.80,-1.82,-1.54,-3.17,-2.82,-1.24,-1.81,-1.31,-2.08
20030131,2.60,1.66,1.33,1.91,-0.51,2.93,0.83,1.67,0.83,1.53
20030203,0.13,0.29,0.12,1.16,0.42,0.53,0.53,0.11,0.98,0.40
20030204,-0.23,-1.06,-0.24,0.61,-1.44,-1.36,-1.36,-1.53,-0.96,-2.11
20030205,-0.25,0.38,-0.43,-1.06,-0.36,-0.35,-0.38,-0.56,-1.31,-0.56
20030206,-0.87,-0.84,-0.73,-0.59,-0.44,-0.66,-0.54,-0.06,-0.49,-1.05
20030207,-0.86,-1.18,-0.78,-0.89,-1.55,-1.21,-1.23,-0.66,-1.59,-0.97
20030210,0.73,0.97,0.80,1.05,1.36,0.12,0.40,0.71,0.56,0.47
20030211,-1.47,-0.56,-1.02,-0.58,0.00,-1.15,0.15,-0.66,-1.94,-0.89
20030212,-0.32,-2.13,-0.68,-1.94,-1.33,-1.78,-0.53,-1.52,-2.76,-1.22
20030213,0.20,-1.00,-0.24,0.38,0.02,-1.38,-1.15,-0.81,1.19,0.02
20030214,1.40,1.55,1.34,0.90,3.28,3.06,2.51,0.84,1.32,1.73
20030218,0.61,2.45,1.59,1.26,3.38,2.37,1.28,2.37,1.12,1.76
20030219,-0.98,-1.23,-0.79,0.01,-0.71,-2.12,-1.08,-0.64,-0.49,-0.27
20030220,-1.20,-1.28,-0.70,-0.47,-0.39,-2.98,-0.81,-0.95,0.50,-0.72
20030221,1.03,0.39,1.31,1.86,1.09,1.35,1.90,1.24,0.90,1.29
20030224,-1.68,-2.34,-1.80,0.48,-1.94,-1.83,-2.10,-1.69,-0.58,-2.07
20030225,1.19,0.63,0.21,-0.07,0.24,0.92,1.27,0.59,0.83,0.88
20030226,-1.19,-1.02,-0.56,-0.20,-2.67,-1.36,-1.00,-0.58,-1.70,-1.09
20030227,0.92,1.45,0.63,-0.23,1.18,0.94,0.93,1.59,0.52,1.44
20030228,-0.01,-0.22,-0.24,0.33,1.25,0.46,0.13,0.37,-0.01,0.37
20030303,-0.61,-1.12,-0.73,0.71,-1.48,-0.49,-0.93,-0.81,0.61,-0.41
20030304,-1.62,-3.87,-1.60,-0.35,-1.12,-2.39,-2.17,-1.21,-0.67,-1.41
20030305,-0.75,0.33,0.36,1.36,0.72,1.09,0.40,1.40,0.90,1.02
20030306,-0.90,-1.38,-1.27,-0.43,-0.83,-1.89,-0.45,-0.26,0.23,-0.96
20030307,0.24,0.08,0.73,0.28,0.04,0.64,1.29,1.33,0.08,1.02
20030310,-1.60,-2.24,-2.01,-1.15,-2.32,-3.95,-2.23,-1.87,-1.82,-2.90
20030311,0.53,-2.44,-0.52,-0.14,-0.53,-1.46,-0.43,-1.08,-0.42,-1.29
20030312,0.63,1.43,0.13,-1.58,0.93,1.04,0.69,0.34,0.39,0.08
20030313,2.19,4.14,3.46,0.74,4.88,5.16,4.00,1.47,1.05,3.86
20030314,0.02,-1.50,0.31,-0.17,0.10,1.19,0.04,-0.80,0.40,0.40
20030317,2.52,4.13,3.50,1.33,4.65,4.18,4.69,3.07,1.87,3.10
20030318,-1.22,1.12,1.06,1.08,0.63,-0.59,0.56,0.98,0.93,0.26
20030319,1.40,0.35,0.48,0.52,-0.60,0.65,0.93,1.26,-0.17,1.23
20030320,-0.08,0.27,0.16,0.48,0.39,0.72,0.40,-0.10,0.81,0.32
20030321,2.45,3.55,2.42,-0.05,1.38,2.70,2.82,2.46,1.43,2.54
20030324,-3.05,-3.71,-3.11,-1.61,-3.93,-4.40,-3.94,-2.97,-2.01,-3.34
20030325,0.58,1.20,0.47,1.14,1.30,1.62,1.84,2.17,1.31,0.82
20030326,-0.73,-0.59,-0.62,0.07,-0.51,-0.32,-0.03,-1.04,-0.86,-0.54
20030327,0.11,-0.40,-0.09,0.67,-0.55,-0.24,-0.35,0.61,0.55,-0.34
20030328,-1.31,-0.76,-0.30,0.62,-1.20,-0.98,-0.72,0.22,0.09,-0.35
20030331,-1.21,-0.71,-1.24,-1.93,-2.51,-2.18,-1.41,-1.25,-0.35,-1.74
20030401,-0.47,0.07,0.91,1.74,0.35,2.45,0.29,1.45,0.71,1.79
20030402,2.20,3.49,2.37,-0.20,4.22,3.15,3.19,1.58,0.27,2.82
20030403,-0.74,-0.08,-0.78,-1.66,0.25,-1.97,0.11,-0.44,-0.69,-0.47
20030404,-0.04,-0.42,0.06,0.85,-1.48,-0.18,0.62,0.33,1.08,0.74
20030407,0.51,1.23,0.50,-1.08,0.57,0.58,0.52,-1.01,-0.30,0.41
20030408,0.71,-0.29,-0.37,-1.16,-1.04,-0.96,-0.18,0.13,-0.17,0.17
20030409,-0.73,-0.37,-0.95,-0.07,-2.20,-1.36,-1.67,-1.20,-0.15,-1.27
20030410,0.34,0.02,0.34,0.80,0.56,0.08,1.65,-0.10,0.52,0.58
20030411,0.37,0.45,-0.26,-0.72,-0.45,-0.27,-0.94,-0.65,-0.31,0.03
20030414,1.98,3.31,1.55,0.98,2.15,2.53,1.88,1.65,1.17,1.97
20030415,0.51,0.02,0.44,0.12,0.45,-0.32,1.25,-0.54,1.16,1.32
20030416,-2.39,0.55,-1.16,-0.91,1.31,-2.49,-1.93,-2.25,-0.28,-1.30
20030417,1.80,0.83,1.17,1.34,2.27,1.62,1.74,0.95,0.75,1.48
20030421,-0.50,1.16,0.21,0.07,-0.10,-0.79,-0.43,0.40,0.29,-0.25
20030422,1.34,3.10,2.06,1.24,2.20,1.72,1.61,1.88,1.16,2.59
20030423,0.25,1.68,0.10,-0.30,0.78,5.66,-0.41,1.32,0.08,1.00
20030424,-0.65,-1.62,-0.69,-0.54,-0.99,-1.09,-0.94,0.66,1.04,-1.50
20030425,-1.78,-2.15,-1.40,-0.97,-2.08,-1.40,-0.49,-1.44,-0.62,-1.03
20030428,1.69,2.23,1.91,0.96,2.17,2.72,2.19,1.17,1.48,1.69
20030429,0.64,0.81,0.23,-1.65,0.99,0.59,1.11,0.51,-0.35,0.02
20030430,-0.59,0.26,0.01,0.78,-0.87,0.79,-0.36,0.16,0.22,0.40
20030501,-0.11,-1.26,-0.58,0.57,0.62,-0.13,-0.62,0.50,-1.21,-0.17
20030502,0.64,1.42,1.56,1.89,2.31,1.90,1.64,1.47,0.74,1.44
20030505,-0.44,-0.20,-0.10,-0.29,0.30,-1.56,-0.24,-0.20,0.41,-0.15
20030506,0.66,0.89,0.41,-0.36,1.74,1.24,1.25,0.09,0.01,0.78
20030507,0.99,-0.50,-0.30,0.67,-1.32,-0.82,-0.78,-0.53,-0.13,-0.36
20030508,-0.68,-0.63,-0.98,0.03,-1.23,-1.65,-0.48,-0.62,-0.18,-1.39
20030509,1.63,0.46,1.36,0.88,2.52,2.07,1.32,1.02,0.76,0.96
20030512,1.07,1.45,1.08,0.48,1.51,1.79,1.82,1.30,0.39,1.14
20030513,-0.11,-0.28,-0.53,0.63,0.01,-0.59,-0.69,-0.06,0.13,-0.29
20030514,-0.05,-0.50,-0.08,-0.34,-0.35,-0.02,-1.36,0.29,0.49,-0.20
20030515,0.70,-0.22,0.88,0.35,1.25,0.40,-0.21,0.79,1.57,0.72
20030516,-0.89,-1.07,-0.40,0.16,-0.76,0.56,-0.81,-0.46,1.58,-0.13
20030519,-0.40,-2.14,-1.83,-1.24,-3.57,-2.63,-2.45,-2.49,-1.34,-2.12
20030520,0.69,-0.55,-0.15,0.34,-0.15,0.05,0.46,-1.47,0.58,0.03
20030521,1.24,0.16,0.10,2.21,-0.13,0.61,0.11,0.72,0.08,0.29
20030522,1.75,0.94,0.86,0.11,1.08,1.98,1.27,1.30,1.52,0.40
20030523,0.47,-1.02,0.06,0.58,0.01,1.12,-0.66,0.11,3.85,0.34
20030527,0.78,3.36,1.91,2.04,3.19,1.31,1.69,1.85,1.38,1.84
20030528,-0.44,0.30,0.00,-0.83,0.56,-0.46,1.15,-0.24,-0.51,0.62
20030529,0.36,-0.32,-0.53,-1.13,0.88,0.03,-0.35,-0.84,-1.61,-0.42
20030530,1.35,2.71,1.94,1.68,1.11,1.09,1.49,1.46,1.35,1.86
20030602,0.72,1.79,0.38,0.66,-0.45,1.40,0.55,-0.45,0.70,0.72
20030603,0.34,-0.70,0.28,0.80,0.56,-0.11,0.51,0.84,0.45,0.23
20030604,0.94,1.29,1.43,0.93,2.14,1.92,1.33,1.56,1.23,1.55
20030605,0.02,1.11,0.21,-0.34,0.04,0.63,1.02,1.76,-1.01,0.61
20030606,-0.28,0.06,-0.16,-0.15,-0.99,-0.89,-0.38,0.10,-0.79,-0.02
20030609,-0.65,-1.69,-1.22,-0.18,-1.23,-1.90,-1.12,-1.16,-0.49,-1.77
20030610,0.49,1.88,0.61,0.58,1.42,0.71,1.23,0.76,0.41,1.02
20030611,0.78,1.76,1.14,2.38,0.71,1.43,1.00,1.73,0.67,1.52
20030612,0.19,0.48,0.49,-0.54,0.37,0.90,-0.25,0.09,1.00,0.00
20030613,-0.37,-1.94,-1.02,-1.13,-2.07,-1.63,-1.19,-0.69,-1.23,-0.46
20030616,1.65,1.96,1.87,0.28,2.41,1.83,2.40,2.93,1.86,2.16
20030617,-0.71,0.93,0.00,-1.26,0.32,-0.15,-0.08,1.78,-0.24,-0.16
20030618,0.10,-1.17,-0.29,-0.48,1.32,0.22,-0.22,-0.69,0.33,-0.67
20030619,-1.27,-1.26,-1.00,-0.38,-1.08,-1.17,-1.21,-2.21,0.04,-2.03
20030620,-0.33,0.68,0.01,-0.25,-0.62,1.19,-0.06,0.64,-0.03,0.11
20030623,-0.38,-1.74,-1.52,-0.04,-2.29,-1.71,-1.40,-1.95,-1.02,-1.42
20030624,0.67,-0.12,0.34,-0.04,-0.61,0.47,1.00,0.12,-0.64,0.43
20030625,-1.04,-0.60,-0.70,-0.09,-0.62,-1.11,-0.34,-0.41,-0.07,-0.72
20030626,0.75,0.79,0.65,-0.31,1.96,1.30,1.03,1.67,0.60,0.90
20030627,-0.29,-0.78,-0.88,-0.61,-0.75,-1.02,-0.55,-1.52,-0.85,-0.74
20030630,0.34,-0.18,0.00,-0.74,-0.04,-0.10,0.23,-0.65,0.19,-0.24
20030701,0.66,-0.45,0.32,0.25,1.34,0.68,0.43,0.53,-0.31,0.97
20030702,0.66,1.34,1.03,0.13,2.55,1.43,1.39,0.96,0.65,1.11
20030703,-0.64,-0.19,-0.70,-0.43,-1.20,-0.77,-0.81,-0.47,-0.81,-0.58
20030707,0.46,1.56,1.66,-0.32,3.76,2.37,2.11,1.22,0.24,1.93
20030708,0.09,1.27,0.30,-0.51,1.21,0.02,1.62,0.04,-0.57,0.50
20030709,-1.47,-0.68,-0.51,0.56,0.36,-0.78,-1.10,-0.41,-0.85,-0.17
20030710,0.09,-0.51,-1.07,-1.27,-2.23,-1.89,-1.33,-0.81,-1.83,-1.26
20030711,0.03,1.09,0.65,0.62,1.12,1.28,1.48,1.01,0.64,0.87
20030714,-0.20,0.97,0.18,-0.98,1.22,0.38,0.58,0.46,-0.11,1.39
20030715,-0.34,0.48,-0.23,-0.76,-0.22,-0.53,-0.07,-0.38,-1.49,-0.55
20030716,-0.47,-0.82,-0.05,-0.73,-0.38,-1.48,-0.44,-0.77,-1.38,-0.72
20030717,-0.29,-0.68,-0.35,0.62,-3.32,-2.40,-1.51,-1.02,-0.49,-1.34
20030718,0.71,0.88,1.56,2.02,0.69,1.17,0.87,0.85,1.49,1.20
20030721,-0.80,-1.57,-0.63,-1.11,-1.91,-2.76,-1.26,-1.67,-1.54,-1.20
20030722,0.54,0.63,1.38,0.35,1.86,1.54,0.77,0.06,1.55,0.81
20030723,-0.12,0.77,0.33,-0.43,0.61,-0.59,0.41,0.62,-0.46,0.00
20030724,-0.39,-0.80,-0.34,-0.97,-1.43,-0.16,-0.86,-0.85,0.10,-0.31
20030725,1.11,1.89,1.46,1.10,1.98,1.53,1.20,1.04,0.46,1.79
20030728,-0.60,-0.16,-0.01,-0.11,-0.06,0.91,0.38,-0.06,-0.50,-0.09
20030729,-0.51,-0.03,-0.65,-1.12,-0.49,-0.56,-0.63,-0.40,-0.22,-0.63
20030730,0.27,-0.08,0.05,-0.16,-0.73,-1.15,0.11,0.56,-0.21,-0.24
20030731,-0.45,1.64,0.54,0.68,1.00,0.24,0.02,0.05,0.17,0.17
20030801,-0.57,-0.68,-0.92,-0.74,-0.52,-0.34,-0.85,-1.73,-0.68,-1.53
20030804,0.21,0.08,0.20,-0.20,0.02,0.62,0.37,0.17,-0.09,0.00
20030805,-1.26,-1.74,-1.44,-0.51,-2.27,-2.31,-1.84,-1.86,-1.38,-1.55
20030806,0.07,0.19,-0.08,1.21,-1.21,0.31,0.20,-0.25,0.80,0.47
20030807,0.41,0.43,0.13,1.93,-0.23,-0.87,1.37,1.69,0.50,0.57
20030808,0.39,0.21,0.49,0.53,-0.49,0.30,1.27,-0.09,0.44,0.58
20030811,0.05,0.43,0.46,0.88,0.98,0.90,0.24,0.29,0.09,0.21
20030812,0.59,1.09,1.08,0.72,1.66,1.39,1.58,0.39,1.05,1.03
20030813,-0.53,0.86,0.14,-0.20,0.03,-1.11,-0.11,-1.43,-0.37,-0.70
20030814,0.53,1.00,0.80,0.63,0.95,0.58,0.07,-0.20,0.21,0.95
20030815,0.10,0.09,0.14,-0.13,0.17,-0.18,0.42,0.31,0.14,-0.05
20030818,-0.17,1.59,1.28,0.23,2.57,0.98,1.37,0.44,-0.42,0.73
20030819,-0.37,0.99,0.57,-0.43,1.43,0.67,0.21,-0.24,0.03,0.42
20030820,-0.06,0.25,-0.15,0.39,-0.52,0.10,0.18,-0.09,1.06,-0.30
20030821,0.01,1.25,0.82,0.65,0.96,0.51,0.74,-0.15,0.34,0.28
20030822,-0.96,-1.12,-0.92,-1.30,-0.09,-1.28,-1.06,-1.41,-1.20,-1.45
20030825,0.64,-0.53,-0.36,0.27,-0.26,-0.85,0.28,0.40,0.57,-0.12
20030826,0.11,0.87,0.15,-0.12,0.61,0.62,0.13,0.17,0.34,0.26
20030827,0.00,0.65,0.46,0.71,0.72,-0.11,0.51,0.00,0.08,-0.27
20030828,0.65,0.66,0.75,1.33,0.89,0.52,1.08,0.34,0.11,0.63
20030829,0.47,1.24,0.47,0.23,0.61,0.90,0.46,0.47,0.33,0.52
20030902,1.11,2.14,0.88,0.63,2.03,0.85,1.18,1.67,1.61,1.42
20030903,-0.02,-0.50,0.28,0.21,1.07,0.68,0.02,-0.37,0.63,0.64
20030904,0.11,0.04,-0.05,-0.05,1.02,0.93,-0.22,0.16,0.02,-0.07
20030905,-0.68,-0.87,-0.69,-0.56,-0.55,-0.57,-1.39,-0.10,-0.34,-0.60
20030908,0.47,0.59,0.89,1.43,1.86,0.21,0.04,2.21,0.98,0.78
20030909,-0.54,-1.42,-0.86,-0.91,-1.02,-1.13,-2.29,0.15,-0.66,-0.50
20030910,0.17,-2.09,-1.77,-0.63,-3.20,-1.11,-0.67,0.00,0.04,-1.44
20030911,0.51,0.49,0.56,-0.06,1.19,-0.20,1.02,0.46,-0.08,0.62
20030912,-0.07,0.75,0.44,-0.34,0.50,0.06,0.08,0.22,0.58,0.21
20030915,-0.33,-0.21,-0.27,-0.60,-0.66,-1.08,0.52,-0.24,-0.49,-0.30
20030916,0.34,1.48,1.22,0.47,2.65,1.78,1.03,0.63,0.75,1.49
20030917,1.06,-0.35,-0.66,-1.77,-0.35,-0.01,-0.32,-0.06,-0.51,-0.18
20030918,0.69,1.04,0.61,0.46,1.65,1.05,0.97,0.54,1.29,1.89
20030919,-0.22,-0.56,-0.17,0.32,0.12,-1.13,-0.28,-0.79,0.28,-0.16
20030922,-0.49,-1.19,-1.45,-0.38,-1.97,-1.54,-1.43,-1.17,-0.87,-1.13
20030923,0.63,0.81,0.26,0.60,1.29,-1.00,1.15,0.57,0.44,0.61
20030924,-0.78,-1.87,-1.56,0.12,-3.31,-2.60,-1.66,-1.96,-0.85,-1.62
20030925,-0.16,-0.82,-1.03,-0.40,-1.24,-0.40,-0.51,-1.03,-0.13,-0.80
20030926,-0.75,-1.11,-0.58,-1.03,-1.13,-0.81,-0.90,-0.87,0.60,-0.81
20030929,0.44,0.39,1.14,0.60,1.84,0.63,0.14,0.75,1.12,1.03
20030930,-0.35,-0.92,-0.91,-0.27,-2.40,-0.20,-1.03,-0.37,-0.58,-0.74
20031001,1.85,2.07,1.99,1.87,2.29,2.14,2.58,1.63,1.10,2.48
20031002,0.33,0.27,0.38,0.43,0.15,0.57,0.15,0.73,0.56,0.16
20031003,0.45,1.71,1.37,0.64,2.94,1.26,1.29,-0.65,0.26,0.57
20031006,0.66,0.33,0.10,0.73,0.74,0.68,0.78,-0.17,0.27,0.57
20031007,0.29,0.42,0.64,0.65,0.82,0.27,1.16,0.02,-0.36,0.46
20031008,-0.40,0.00,0.02,-0.70,-0.46,-1.48,-0.61,-0.60,-0.43,-0.37
20031009,0.32,0.88,0.56,-0.18,0.63,0.30,1.58,0.40,0.29,0.46
20031010,-0.20,-0.04,-0.04,0.85,0.40,0.46,-0.63,-0.41,-0.21,-0.26
20031013,0.50,1.41,0.95,0.48,0.70,-0.13,1.34,0.32,0.22,1.21
20031014,0.31,0.69,0.40,0.15,0.28,0.03,0.58,0.55,0.32,0.60
20031015,0.08,-0.55,0.14,-1.18,0.25,0.03,-0.44,-0.82,-0.94,-0.61
20031016,0.17,-0.10,0.20,0.89,0.09,0.84,0.29,0.49,0.30,0.42
20031017,-0.46,-1.38,-0.83,-0.69,-1.71,-1.24,-1.11,-1.20,-0.45,-1.00
20031020,0.53,0.36,0.40,-0.16,1.03,0.62,0.30,0.19,0.28,0.23
20031021,0.12,-0.79,-0.17,-0.09,0.90,-0.71,-0.14,1.12,0.20,0.05
20031022,-0.77,-1.56,-1.20,-1.55,-1.96,-0.08,-1.35,-2.99,-0.11,-1.35
20031023,0.46,0.53,-0.17,0.37,-0.96,-0.01,0.69,1.16,-0.26,0.58
20031024,-0.07,-0.28,-0.26,0.02,-1.76,0.13,-0.72,0.28,0.09,-0.24
20031027,-0.18,0.99,0.61,-0.20,0.88,0.79,0.88,-0.10,0.10,0.24
20031028,1.22,1.75,1.43,0.41,2.88,1.33,1.94,1.31,-0.04,1.33
20031029,0.24,0.84,0.90,-0.07,0.29,0.32,0.17,-0.54,0.20,0.45
20031030,0.07,-0.21,0.98,-2.29,-0.11,-0.15,-0.09,-0.66,0.25,0.04
20031031,0.29,-0.20,0.18,1.35,-0.15,0.69,0.14,0.91,-0.14,0.20
20031103,0.63,0.75,0.89,-0.08,2.22,0.19,0.86,-0.14,1.01,0.98
20031104,-0.30,0.14,0.34,-0.61,-0.55,-1.26,-0.47,-0.92,-0.93,-0.30
20031105,0.09,-0.35,-0.04,-0.17,0.35,-0.23,-0.45,0.32,0.04,-0.23
20031106,0.71,0.11,0.64,0.17,1.02,0.11,0.78,0.56,-0.06,0.46
20031107,0.55,-0.11,-0.27,0.15,-0.41,0.35,-0.12,-0.69,-0.48,-0.59
20031110,-0.28,-1.35,-1.19,-0.05,-1.47,-0.23,-0.63,-1.10,0.05,-0.38
20031111,0.02,-0.20,-0.25,0.09,-0.39,-1.18,0.23,0.05,-0.10,-0.20
20031112,1.30,2.23,1.41,0.43,2.35,0.60,0.74,1.83,0.36,1.01
20031113,-0.20,0.74,-0.02,0.95,-0.46,-0.76,-1.30,2.43,0.13,-0.12
20031114,-0.32,-1.03,-0.95,-0.22,-2.04,-0.07,-0.81,0.80,-0.18,-1.06
20031117,-0.04,-1.33,-0.46,-1.08,-1.42,-0.22,-0.94,-0.35,-0.99,-0.56
20031118,-0.63,-0.67,-1.02,-0.72,-1.36,-1.52,-0.91,-0.39,-1.44,-0.61
20031119,0.37,0.48,0.56,0.37,1.18,0.41,0.61,0.74,1.18,0.81
20031120,-0.69,-0.66,-0.58,-0.33,-1.22,-0.42,-0.13,-1.31,-0.40,-0.71
20031121,0.35,0.21,0.28,-0.35,0.58,1.08,0.36,-1.19,0.20,0.38
20031124,1.02,2.24,1.53,0.67,2.83,1.20,2.26,1.87,1.39,1.29
20031125,0.36,1.13,0.84,0.73,-0.34,1.01,0.39,-0.45,0.59,0.53
20031126,0.62,0.24,0.19,0.91,0.66,0.50,-0.19,0.01,0.56,0.51
20031128,-0.03,0.53,0.21,-0.19,0.49,-0.12,0.32,-0.18,0.07,-0.02
20031201,0.82,1.17,1.65,0.99,1.20,0.28,0.29,1.78,0.75,1.16
20031202,-0.27,-0.56,-0.32,0.42,-0.48,-0.46,-1.51,0.06,-0.02,0.03
20031203,-0.13,1.18,0.15,-0.07,-0.77,-0.39,-0.72,-0.03,-0.20,-0.35
20031204,-0.05,0.18,0.61,2.11,0.72,1.21,-0.59,0.06,0.50,-0.14
20031205,-0.28,-0.84,-0.73,0.14,-1.70,-0.62,-0.70,-0.51,-0.03,-0.74
20031208,0.67,1.27,0.87,1.39,0.29,0.15,0.16,0.64,0.78,0.91
20031209,-0.65,0.71,-0.38,0.23,-2.33,-0.28,-1.19,-0.45,-0.86,-0.88
20031210,-0.16,-0.47,-0.60,0.02,0.27,0.59,-0.61,-0.67,0.04,-0.48
20031211,0.85,1.84,1.10,0.50,2.06,1.24,1.24,1.31,0.59,1.31
20031212,0.39,0.73,0.78,0.85,0.24,0.17,-0.33,0.11,0.19,0.40
20031215,0.29,-0.11,-0.43,-1.04,-1.46,-0.20,-1.82,-0.35,-0.10,-0.56
20031216,0.68,-0.05,0.50,1.60,0.28,0.31,-0.01,0.43,0.38,0.68
20031217,-0.38,0.91,0.33,1.06,-0.35,0.32,1.12,0.31,0.48,-0.09
20031218,0.67,1.58,1.28,2.21,2.10,1.17,1.17,0.80,0.99,0.91
20031219,0.01,0.56,-0.14,0.07,-0.45,0.27,-0.36,-0.02,0.36,0.16
20031222,0.05,2.78,0.69,-0.15,0.37,0.55,0.32,-0.09,0.70,0.43
20031223,-0.01,-0.43,0.26,-0.12,0.92,0.55,0.33,0.39,0.48,0.24
20031224,-0.40,0.22,-0.37,0.61,-0.21,-0.29,-0.61,0.24,-0.09,-0.22
20031226,0.19,0.04,0.29,0.49,0.26,0.15,0.43,0.07,0.04,0.09
20031229,0.77,1.16,1.25,1.37,1.63,1.54,1.21,1.13,0.79,1.29
20031230,0.19,-0.30,-0.25,0.22,-0.15,0.49,0.08,0.16,0.34,0.08
20031231,0.20,-0.20,0.03,-0.05,-0.20,0.64,0.03,0.16,-0.38,-0.02
20040102,-0.41,-0.33,-0.71,-0.48,0.27,0.47,-1.41,0.58,0.01,-0.23
20040105,0.60,2.17,1.41,2.15,2.58,2.06,0.33,0.59,-0.10,0.69
20040106,-0.10,0.00,-0.28,-0.46,0.60,0.43,1.24,-0.03,-0.33,0.09
20040107,-0.78,1.36,0.00,-0.80,0.95,0.45,0.17,0.85,0.60,0.22
20040108,-0.18,0.25,0.88,0.08,1.66,1.27,-0.64,-0.41,0.12,0.25
20040109,-0.74,-1.37,-0.85,-0.31,-0.91,-1.66,-0.75,-0.66,-0.39,-0.47
20040112,0.41,0.21,0.33,0.70,1.47,0.77,0.10,0.13,-0.23,0.45
20040113,-0.42,-0.10,-0.45,-0.11,-1.12,-0.44,0.26,-0.37,-0.07,-0.53
20040114,0.65,0.85,0.77,0.04,0.85,1.16,0.90,0.61,0.85,0.91
20040115,-0.10,-0.18,0.08,-1.55,0.44,-0.56,0.40,0.09,-0.48,0.47
20040116,-0.13,0.19,0.72,0.63,1.84,0.03,0.12,0.32,0.14,0.72
20040120,0.13,-0.09,-0.68,1.83,0.32,0.76,-0.53,0.02,0.82,0.09
20040121,0.43,1.13,0.41,0.92,-0.92,0.42,1.05,1.47,1.43,1.21
20040122,-0.08,0.52,-0.65,-0.49,-1.16,-0.17,0.11,-0.01,-0.04,-0.04
20040123,0.40,-1.22,-0.80,0.21,-0.10,-0.15,0.54,-0.16,-0.26,-0.23
20040126,0.58,0.60,1.15,0.77,1.85,0.67,0.61,1.47,-0.49,1.15
20040127,-0.28,-0.49,-0.84,-0.64,-1.76,-1.59,-0.67,-0.97,-0.39,-0.69
20040128,-0.38,-2.03,-1.30,-1.31,-1.51,-1.96,-2.08,-1.02,0.45,-1.65
20040129,0.82,-1.10,-0.08,0.31,-0.72,0.37,0.90,1.20,0.44,0.36
20040130,-0.33,-1.04,0.23,-1.18,-0.05,-0.60,-0.13,-0.59,-0.16,0.14
20040202,0.46,-0.98,-0.26,0.06,-0.26,1.20,0.49,1.25,-0.06,0.23
20040203,0.11,-0.67,-0.16,-0.46,0.15,-0.94,0.19,0.59,0.47,-0.10
20040204,-0.17,-0.35,-0.38,-0.71,-2.85,-1.44,-0.05,0.10,-1.24,-0.76
20040205,0.81,1.30,0.71,-0.57,0.34,0.33,0.81,-0.37,-0.60,0.15
20040206,0.84,1.42,1.33,0.69,2.25,1.28,1.69,0.88,0.89,1.31
20040209,0.39,0.17,-0.17,1.24,-0.34,0.08,-0.16,-0.61,0.35,-0.12
20040210,0.61,0.34,0.47,1.20,0.59,1.41,0.50,0.52,0.87,0.31
20040211,0.36,1.37,1.32,1.49,0.82,0.99,0.80,0.89,0.40,1.33
20040212,-0.19,-0.41,-0.26,0.15,-0.83,-1.24,-0.13,-0.61,-0.36,-0.33
20040213,-0.44,-0.90,-0.76,-0.24,-0.81,-1.11,-0.81,-0.50,-0.45,-0.27
20040217,0.74,0.97,1.06,0.92,1.15,2.09,1.31,0.45,1.02,0.82
20040218,-0.13,-0.77,-0.15,-1.08,-0.25,-1.02,-0.29,-0.56,0.02,-0.40
20040219,-0.11,-0.01,-0.16,0.00,-1.42,-1.33,0.01,-0.69,-0.55,-0.28
20040220,0.12,-0.78,-0.45,0.08,-0.61,-0.52,0.56,-0.34,-0.75,-0.30
20040223,0.18,-1.21,-0.43,0.85,-1.85,-0.81,-0.28,-0.59,0.13,-0.07
20040224,-0.17,-0.51,-0.54,-0.14,-0.05,0.29,0.00,0.22,-0.24,-0.27
20040225,0.09,0.46,0.79,0.64,0.97,0.13,0.63,0.31,0.79,0.40
20040226,0.23,0.32,-0.02,0.16,0.52,0.41,0.43,0.24,0.36,0.20
20040227,0.45,0.30,0.07,0.21,-0.35,-0.13,0.25,-0.25,1.07,0.30
20040301,0.83,1.53,1.31,1.77,1.29,1.17,1.30,0.63,0.87,0.73
20040302,-0.31,-0.30,-0.79,-0.96,-0.84,0.90,-0.85,-0.67,-0.23,-0.56
20040303,0.08,-0.51,-0.16,-0.01,-0.48,-0.14,0.56,0.60,0.05,0.42
20040304,-0.30,-0.09,0.12,-0.35,0.89,0.88,0.42,0.62,0.26,0.42
20040305,0.63,1.21,0.03,1.48,-0.49,-0.69,0.11,0.39,0.69,0.53
20040308,-0.30,-1.49,-0.71,0.23,-2.33,-0.57,-0.67,-0.21,-0.30,-0.66
20040309,0.22,-1.36,-0.90,-0.28,-0.75,-0.41,-0.65,-0.99,-0.18,-0.66
20040310,-0.29,-2.54,-1.37,-1.43,-1.47,-2.07,-1.76,-1.92,-1.07,-1.44
20040311,-1.66,-1.59,-1.44,-2.14,-1.02,-1.64,-1.05,-1.73,-1.30,-1.41
20040312,-0.06,2.03,1.46,1.66,2.24,1.56,1.17,0.71,0.80,1.31
20040315,-1.24,-1.90,-1.62,-0.40,-2.20,-1.88,-1.53,-1.46,-0.21,-1.49
20040316,0.23,0.79,0.60,0.18,0.32,0.15,0.18,0.37,0.33,0.72
20040317,1.18,2.21,1.57,1.10,1.60,1.09,1.07,0.30,1.64,1.25
20040318,-0.01,-0.47,-0.20,0.66,-0.80,-0.03,0.13,-0.38,-0.46,-0.05
20040319,-0.55,-1.42,-0.70,-1.83,-1.48,-0.31,-0.62,-1.24,-0.37,-1.00
20040322,-1.29,-1.67,-1.45,-1.14,-1.51,-1.86,-1.17,-1.44,-1.08,-1.38
20040323,0.03,-0.22,0.08,-0.45,-0.21,-0.67,-0.04,0.18,0.01,-0.04
20040324,-0.17,-0.37,-0.23,-1.98,0.78,-0.52,0.02,-0.46,-0.25,-0.54
20040325,0.80,1.75,2.29,-0.14,3.19,1.62,2.17,1.00,0.29,1.39
20040326,-0.13,0.35,0.01,1.09,-0.33,0.11,-0.20,-0.12,0.17,0.10
20040329,1.42,1.76,1.28,0.79,1.66,0.77,1.34,1.62,0.71,1.30
20040330,0.56,1.30,0.71,1.65,0.22,0.37,0.32,0.10,0.59,0.48
20040331,0.31,-0.16,-0.02,0.68,-0.60,0.27,0.14,0.21,0.24,-0.01
20040401,0.75,0.18,0.39,-0.72,1.12,0.62,-0.65,1.03,0.73,0.90
20040402,0.34,1.06,1.43,0.63,2.45,0.95,0.49,1.38,-0.37,0.07
20040405,0.38,2.18,0.63,0.76,1.07,1.20,0.98,0.97,0.17,0.58
20040406,0.33,0.01,0.22,-0.15,-1.26,0.18,0.00,-0.52,-0.06,-0.11
20040407,-0.16,-1.25,-0.72,0.06,-0.62,-1.07,-0.82,-0.30,-0.66,-0.37
20040408,0.03,-0.50,-0.25,1.07,0.31,-0.08,-1.21,-0.43,-0.26,-0.19
20040412,-0.11,0.73,0.84,1.77,0.42,0.62,0.76,0.42,-1.53,0.45
20040413,-0.72,-1.55,-1.40,-0.90,-1.42,-1.32,-1.62,-1.03,-1.79,-1.93
20040414,0.38,0.41,-0.05,0.52,-0.21,0.24,-0.10,0.81,-0.40,-0.96
20040415,-0.08,-0.47,0.21,1.23,-1.41,-0.34,0.50,2.09,0.75,-0.53
20040416,0.57,0.93,0.70,0.67,-0.86,0.00,0.90,0.51,0.49,0.99
20040419,0.72,0.61,-0.11,0.01,1.02,0.89,-0.17,0.24,-0.31,-0.20
20040420,-0.80,-0.16,-1.48,-2.25,-2.24,-0.72,-0.70,-1.56,-0.81,-1.51
20040421,0.20,2.10,0.12,0.04,1.30,0.59,0.58,1.13,0.07,0.33
20040422,0.95,2.53,2.13,1.41,1.87,0.53,1.44,0.58,1.31,1.54
20040423,-0.20,-0.21,0.04,-0.46,1.25,-0.26,0.11,-0.26,0.04,-0.49
20040426,-0.47,-0.54,-0.28,0.48,-1.14,0.08,-0.79,0.61,0.60,-0.38
20040427,0.19,0.56,0.39,1.65,-0.49,-0.31,0.47,0.11,-0.04,0.18
20040428,-1.02,-2.19,-1.76,-1.24,-2.10,-0.62,-1.22,-1.15,-0.20,-1.51
20040429,-0.01,-1.66,-0.79,-2.13,-1.80,-0.33,-1.09,-0.69,-1.20,-0.24
20040430,0.15,-0.17,-0.36,0.29,-2.07,-1.25,-0.53,-0.41,-0.12,-0.39
20040503,0.72,0.88,0.66,2.59,0.68,0.38,0.38,1.23,0.49,0.84
20040504,-0.35,-0.12,0.30,-0.26,0.98,0.18,-0.17,-0.09,0.39,0.17
20040505,0.29,-0.43,-0.12,0.72,0.34,0.18,0.26,0.64,-0.43,0.22
20040506,-0.12,-1.89,-0.61,-0.62,-0.68,-1.11,-1.77,-0.37,0.04,-0.91
20040507,-0.97,-2.81,-1.79,-1.89,-0.25,-1.45,-1.98,-0.91,-2.62,-2.03
20040510,-1.09,-2.09,-1.43,-3.12,-0.64,-1.84,-0.05,-1.54,-1.57,-1.33
20040511,-0.04,1.69,0.96,2.01,1.75,1.44,0.34,0.37,-0.06,0.87
20040512,-1.24,0.06,0.31,0.74,-0.46,-0.05,0.08,0.29,-0.07,0.58
20040513,-0.57,-0.28,-0.13,-0.47,0.09,0.08,-0.24,-0.25,0.25,0.08
20040514,0.63,0.42,0.00,1.34,-1.56,-0.44,-0.16,0.05,0.91,0.01
20040517,-0.64,-1.88,-1.37,-0.27,-1.41,-1.52,-1.26,-0.61,-1.10,-1.19
20040518,0.40,1.36,0.78,-1.28,1.13,0.87,1.45,0.11,0.79,0.98
20040519,-0.70,-1.03,-0.04,-0.48,0.42,0.22,-0.42,-0.84,-0.55,-0.11
20040520,0.36,-0.40,-0.05,-0.04,-0.02,0.04,-0.20,-0.56,0.64,0.29
20040521,-0.06,0.76,0.71,-0.26,0.63,-0.12,0.64,0.15,0.07,0.64
20040524,-0.98,0.95,0.75,1.56,0.47,0.14,0.43,-0.65,1.33,0.27
20040525,1.52,2.22,1.73,2.06,2.12,1.09,1.82,1.24,1.83,1.52
20040526,0.22,0.66,0.12,-0.82,0.49,-0.88,0.06,0.65,0.11,0.53
20040527,0.82,0.65,0.91,-1.07,0.45,0.48,1.10,0.98,0.66,0.31
20040528,-0.07,-0.21,0.03,0.29,0.27,-0.60,0.09,-0.25,0.24,0.02
20040601,0.06,0.60,0.25,1.45,-0.18,-0.06,0.18,0.74,-0.18,-0.13
20040602,0.74,0.26,0.44,-0.08,-0.27,0.60,0.53,0.48,0.14,0.44
20040603,-0.25,-0.73,-1.32,-0.76,-1.53,-0.80,-0.33,-0.63,-0.94,-0.82
20040604,0.39,0.39,0.58,-0.50,1.16,0.43,0.21,0.39,0.20,0.72
20040607,0.81,1.91,1.84,1.75,2.39,1.58,1.49,0.67,0.96,1.57
20040608,0.11,0.43,0.29,-0.57,0.40,0.09,0.55,0.06,-0.68,-0.10
20040609,-0.68,-0.48,-0.58,-0.97,-1.54,-0.01,-0.94,-1.47,-0.81,-1.04
20040610,-0.04,0.74,0.39,1.41,0.53,0.55,0.37,-0.15,0.80,0.27
20040614,-0.45,-1.54,-0.94,-0.75,-1.48,-1.32,-1.14,-0.50,-0.49,-1.15
20040615,0.31,1.70,0.90,1.25,1.34,0.38,0.80,0.16,0.60,0.49
20040616,-0.01,0.30,0.12,1.73,-0.28,-0.27,-0.07,0.29,0.39,0.20
20040617,-0.21,0.62,-0.06,0.67,-1.03,0.05,-0.27,-0.04,0.49,0.09
20040618,-0.02,0.52,0.59,0.37,0.12,0.56,-0.14,0.03,0.39,0.15
20040621,0.02,-0.69,-0.17,-0.25,-0.61,-1.05,-0.28,-0.68,0.48,-0.42
20040622,0.39,0.78,0.73,0.56,1.37,-0.64,-0.39,-0.32,-0.06,0.40
20040623,0.40,1.57,1.11,1.69,1.51,0.26,0.71,0.78,0.76,0.59
20040624,-0.37,-0.70,-0.41,-0.64,-0.44,-0.66,-0.18,-0.04,0.20,0.00
20040625,-0.81,-0.31,0.29,-1.11,0.65,0.15,-0.33,-1.14,-0.28,-0.33
20040628,0.82,-0.98,-0.43,-0.90,-0.87,0.24,-0.17,-0.12,0.16,-0.06
20040629,0.18,0.54,1.15,0.52,1.00,0.33,-0.98,0.57,-0.75,-0.02
20040630,0.29,0.38,0.46,0.56,0.50,0.43,0.46,0.43,0.68,0.50
20040701,-0.43,-2.06,-1.33,0.24,-1.98,-0.57,-1.72,-0.72,-0.83,-0.79
20040702,-0.15,-0.70,-0.60,0.23,-0.99,-0.13,-0.58,-0.04,0.79,0.00
20040706,-0.13,-0.82,-0.63,0.64,-2.75,-0.93,-0.45,-0.95,0.02,-0.63
20040707,-0.33,-0.18,0.40,0.59,0.27,0.27,0.44,-0.31,0.05,0.14
20040708,-0.23,-1.21,-0.76,-0.37,-1.67,-1.12,-1.31,-0.58,-0.28,-0.93
20040709,0.32,1.20,0.72,0.44,0.93,0.36,0.11,-0.24,-0.23,0.10
20040712,0.03,-0.36,-0.07,-0.31,-0.63,0.47,0.39,-0.41,0.11,0.54
20040713,-0.21,-0.06,0.06,-0.34,-0.38,-0.33,0.98,0.52,-0.06,0.19
20040714,-0.15,0.06,-0.43,0.98,-1.46,-0.01,-0.52,0.22,0.83,-0.27
20040715,-0.92,0.09,0.17,0.19,-0.16,-0.61,-0.19,-1.18,0.32,-0.26
20040716,-0.16,-0.75,-0.10,1.08,-1.64,-0.65,-0.83,-1.01,0.72,-0.36
20040719,0.07,-0.04,-0.65,-0.09,0.18,-0.30,-0.38,-0.77,0.43,0.18
20040720,0.33,0.15,0.42,-0.21,2.07,0.86,1.46,0.55,0.46,0.60
20040721,-1.24,-0.93,-1.71,-1.75,-2.18,-0.96,-1.19,-1.60,-1.73,-1.18
20040722,-0.72,-0.44,-0.37,0.22,1.24,0.97,-0.27,0.45,-0.85,-0.13
20040723,-1.77,-0.35,-0.91,-0.41,-2.34,0.11,-0.75,-0.96,-0.42,-0.70
20040726,-0.39,-0.20,-0.38,-0.80,-0.19,0.57,-0.97,-0.99,-0.53,-0.19
20040727,0.20,1.52,1.41,0.82,1.22,1.66,1.84,1.43,0.11,0.81
20040728,-0.20,0.46,0.22,0.77,-0.28,-0.51,-0.41,-0.47,0.84,0.00
20040729,-0.52,-0.15,0.55,0.79,1.59,0.18,0.46,0.49,0.91,0.65
20040730,0.48,0.07,-0.08,0.59,0.46,-0.32,-0.14,0.52,0.46,-0.11
20040802,0.84,0.83,0.63,-0.11,0.27,1.54,0.22,-0.11,0.67,0.28
20040803,-0.67,-1.50,-0.56,1.21,-2.10,-0.23,-1.24,-0.31,0.06,-0.59
20040804,-0.02,-0.29,0.16,-2.20,0.17,-0.62,-0.24,-0.31,0.48,-0.11
20040805,-0.95,-2.23,-1.84,-1.53,-1.67,-0.95,-2.32,-1.86,-1.04,-1.52
20040806,-1.03,-1.96,-1.93,-1.97,-2.70,-1.34,-1.50,-1.71,0.48,-1.15
20040809,-0.22,0.12,0.34,1.38,-0.06,-0.30,0.28,-0.39,-0.30,-0.06
20040810,0.78,2.20,1.73,-0.34,1.82,1.33,1.54,1.55,0.66,1.46
20040811,0.77,-0.79,-0.02,-0.32,-2.59,-0.31,-0.84,1.64,0.31,0.07
20040812,-0.70,-1.79,-1.37,-1.18,-2.40,-0.98,-0.62,-0.71,-0.22,-1.01
20040813,-0.06,-0.44,-0.03,1.18,0.65,0.28,0.32,-0.85,-0.27,0.04
20040816,0.77,2.23,1.73,0.65,1.13,1.45,2.01,1.49,0.71,1.53
20040817,0.11,0.35,0.01,-2.11,0.80,0.29,1.35,0.19,-0.24,0.45
20040818,0.78,1.16,1.10,1.13,2.27,0.96,0.82,1.77,1.14,1.19
20040819,-0.42,-0.99,-0.66,0.46,-0.62,-0.15,-0.11,-0.41,-0.67,-0.35
20040820,0.49,0.94,1.02,0.77,0.83,0.85,0.40,0.95,0.33,0.83
20040823,-0.09,-0.48,-0.39,-1.05,0.45,-0.41,-0.87,-0.30,-0.35,-0.42
20040824,-0.14,0.06,0.32,-0.46,-0.44,-0.21,0.30,0.20,0.09,0.23
20040825,0.20,0.57,0.97,0.60,1.31,0.37,0.66,1.02,0.54,0.82
20040826,0.08,0.16,0.12,0.50,-0.58,-0.11,-0.09,-0.19,-0.04,0.13
20040827,0.20,0.20,0.37,0.75,0.57,0.12,0.06,0.79,0.11,0.11
20040830,-0.51,-0.87,-0.85,-0.49,-1.39,-0.66,-0.95,-1.37,0.11,-0.59
20040831,0.61,0.43,0.60,1.91,-0.13,0.30,-0.30,0.67,1.08,0.60
20040901,0.06,0.26,0.48,1.42,0.64,0.33,0.30,0.43,0.28,-0.13
20040902,1.12,2.17,1.21,0.91,1.10,0.72,1.84,0.98,0.47,1.00
20040903,0.24,-0.43,-0.19,0.10,-2.18,-0.36,0.19,-0.11,-0.32,-0.18
20040907,0.48,1.67,0.76,0.10,0.56,0.88,0.39,0.46,0.59,1.15
20040908,-1.63,-0.96,-0.68,-0.11,-0.20,-0.05,-0.90,-0.18,-0.82,-0.41
20040909,0.23,-0.29,0.13,1.44,1.73,-0.08,-0.40,-0.33,0.43,0.06
20040910,-0.09,-0.33,0.04,-0.59,1.95,0.67,1.04,-0.03,0.11,0.43
20040913,-0.01,0.65,0.22,0.75,0.73,0.27,0.39,0.57,-0.48,0.04
20040914,0.22,-0.55,-0.13,0.28,0.31,0.34,0.18,0.50,-0.18,0.15
20040915,-1.06,-0.97,-0.58,-0.29,-1.33,-1.12,-0.44,-0.41,-0.03,-0.44
20040916,-0.34,0.20,0.46,0.25,0.22,0.89,0.40,0.01,0.83,0.53
20040917,0.36,0.60,0.44,1.57,0.43,0.28,-0.25,0.33,0.25,0.25
20040920,-1.07,-0.42,-1.03,0.11,0.38,-0.78,-0.36,-0.81,-0.33,-0.70
20040921,-0.26,0.90,0.33,2.72,0.62,0.24,0.69,0.50,0.37,0.75
20040922,-1.05,-1.32,-1.19,-0.91,-1.82,-0.76,-1.40,-1.47,-0.32,-1.51
20040923,-0.03,-0.86,-0.50,-1.29,0.21,0.14,0.39,-0.57,-0.65,-0.69
20040924,-0.16,0.59,0.28,0.91,-0.78,0.35,0.43,0.08,0.07,0.39
20040927,-0.62,-0.76,-0.74,0.18,-0.99,-1.04,-0.80,-0.82,0.14,-0.65
20040928,0.87,0.48,1.25,1.44,0.23,-0.27,0.34,0.85,0.77,0.61
20040929,0.28,0.35,0.68,-1.00,1.38,0.53,0.73,0.47,-0.21,0.33
20040930,0.46,1.38,0.71,0.58,0.35,0.18,-0.10,-1.80,0.41,0.17
20041001,1.43,1.26,1.26,1.14,2.85,1.71,0.77,1.06,0.90,1.30
20041004,0.13,0.14,0.04,-0.03,0.74,1.30,0.66,0.70,0.18,0.13
20041005,-0.18,-0.55,-0.46,1.21,0.30,0.60,-0.27,-0.65,0.28,-0.36
20041006,0.40,0.02,0.94,1.77,0.91,0.98,0.49,-0.29,0.69,0.74
20041007,-1.16,-1.72,-1.24,-0.85,-1.13,-0.68,-0.53,-2.61,-0.71,-0.63
20041008,-0.45,-0.87,-0.94,0.08,-1.82,-0.77,-0.87,-1.03,0.37,-0.47
20041011,0.23,0.35,-0.10,-0.57,0.40,0.27,0.32,0.61,-0.06,0.29
20041012,-0.51,-0.40,-0.49,-1.03,-0.48,0.35,-0.31,-0.10,0.48,0.00
20041013,-0.47,-1.26,-1.26,-2.32,0.08,-0.33,-0.29,-1.01,-1.30,-0.80
20041014,-0.30,-2.53,-0.49,0.81,-0.83,-0.88,-0.83,-0.76,0.00,-1.66
20041015,0.55,0.70,0.81,0.39,0.24,0.48,0.70,0.11,0.85,0.45
20041018,0.44,-0.02,-0.35,-1.00,1.23,0.30,1.21,1.23,-0.52,0.46
20041019,-0.27,-1.23,-1.04,-0.49,-0.04,-0.78,-0.73,-1.08,-0.60,-1.56
20041020,0.00,-0.04,0.43,1.91,0.31,-0.32,-0.15,0.05,0.62,-0.27
20041021,0.45,-0.01,0.66,0.43,1.47,0.00,0.23,-0.72,0.07,0.19
20041022,-0.78,-0.65,-0.71,0.00,-2.23,-1.40,-0.74,-1.21,0.51,-0.78
20041025,-0.23,-0.13,-0.07,0.24,0.00,-0.20,-0.27,-0.78,1.37,0.20
20041026,1.18,1.61,1.21,1.06,0.31,0.97,1.32,1.54,1.17,2.16
20041027,1.57,2.12,0.51,-1.69,2.52,0.95,2.09,2.68,-0.32,1.23
20041028,0.55,0.54,-0.40,-1.58,0.23,0.59,0.42,-0.10,-0.29,0.45
20041029,0.29,-0.28,0.30,1.29,0.07,0.23,-0.14,0.04,0.51,0.11
20041101,-0.07,1.32,0.28,-0.60,0.43,0.42,0.38,-0.98,0.46,0.10
20041102,0.22,0.12,-0.20,-1.24,0.47,0.26,0.39,-0.78,-1.50,0.26
20041103,1.13,0.85,1.55,2.06,0.43,0.38,0.73,2.88,2.05,0.91
20041104,2.48,2.02,1.92,1.62,0.99,1.37,2.52,0.05,1.96,1.67
20041105,0.14,0.95,0.76,0.45,0.91,0.09,0.97,0.59,-0.53,0.11
20041108,-0.20,-0.08,-0.14,-1.48,0.19,-0.16,-0.13,-0.22,0.65,-0.07
20041109,0.03,0.72,0.32,-0.91,0.04,0.23,-0.11,-0.08,0.09,0.20
20041110,0.24,-0.25,0.32,0.83,-0.90,-0.13,0.33,-0.18,0.18,0.16
20041111,0.41,1.42,1.04,-0.05,1.48,0.75,0.97,0.44,0.93,0.94
20041112,0.50,0.66,0.69,2.01,1.34,1.10,0.89,0.21,1.19,0.67
20041115,-0.20,0.00,-0.28,-2.04,0.68,-0.17,0.74,0.27,-0.69,0.17
20041116,-0.49,-0.98,-0.49,-0.19,-0.77,-0.29,-1.38,-0.62,-0.15,-0.64
20041117,1.01,0.72,0.80,1.43,1.37,0.37,0.08,0.15,-0.54,0.46
20041118,0.29,0.07,0.34,0.42,0.33,0.05,-0.25,-0.47,0.18,-0.01
20041119,-1.18,-1.56,-1.11,1.10,-1.77,-0.79,-1.31,-1.24,-0.29,-1.19
20041122,0.58,0.61,0.78,1.54,0.51,0.42,0.57,0.11,1.42,0.60
20041123,-0.15,-0.03,-0.12,0.62,-0.31,0.23,0.55,-0.34,0.57,0.19
20041124,0.30,0.88,0.58,0.73,0.88,-0.10,0.28,0.28,0.56,0.37
20041126,0.31,0.15,0.27,0.59,-0.31,0.24,0.11,0.50,0.41,0.02
20041129,-0.32,-0.01,0.04,-0.50,0.30,-0.26,-1.30,0.12,-0.95,-0.18
20041130,-0.45,-0.50,-0.31,0.13,-0.63,-0.44,-1.34,0.06,-1.13,-0.12
20041201,1.25,1.11,1.46,-1.59,2.22,1.78,1.78,1.64,-0.73,1.83
20041202,0.51,-0.03,-0.20,-2.65,0.06,0.62,-0.08,1.26,-1.16,-0.16
20041203,0.05,0.12,0.06,0.67,0.82,-0.46,-0.42,-0.59,0.63,-0.10
20041206,-0.59,-0.95,-0.66,-0.17,0.66,-0.11,-0.36,-0.54,0.61,-0.11
20041207,-0.77,-0.87,-1.39,-1.69,-1.70,-0.45,-0.83,-1.04,-1.04,-1.01
20041208,0.52,0.30,0.25,0.67,0.00,-0.48,0.99,1.43,-0.14,0.56
20041209,0.73,0.41,0.82,0.53,-0.21,0.81,0.54,0.48,0.25,0.55
20041210,0.00,0.27,0.12,-0.57,-0.34,0.15,-0.20,-0.43,0.18,0.37
20041213,0.64,0.65,0.90,1.59,0.98,0.73,0.22,0.64,1.53,0.92
20041214,0.91,0.33,0.23,0.14,0.45,0.19,0.86,0.78,0.30,0.34
20041215,0.25,0.73,0.35,0.52,0.23,-0.08,0.04,0.32,0.83,0.42
20041216,-0.08,-0.32,-0.37,-0.93,-0.68,0.02,-0.43,1.43,-0.06,-0.55
20041217,-0.60,-0.44,-0.12,-0.14,-0.75,0.12,-0.91,-1.52,0.22,-0.48
20041220,-0.21,0.36,0.20,1.49,-0.54,0.11,-0.24,-1.21,0.58,0.05
20041221,0.71,1.08,0.75,0.88,1.10,0.74,1.06,0.77,0.84,1.01
20041222,0.62,1.11,0.29,-1.14,0.30,0.31,0.57,0.95,0.09,0.53
20041223,-0.09,-0.14,0.16,0.86,0.11,-0.16,-0.30,0.52,-0.11,-0.01
20041227,0.07,-0.48,-0.66,-1.87,-0.42,0.16,-0.09,-0.15,-0.83,-0.49
20041228,0.97,1.60,0.86,0.70,0.70,0.47,1.15,1.15,0.57,0.78
20041229,-0.17,0.02,-0.26,0.50,0.09,-0.28,0.34,0.17,0.15,-0.09
20041230,0.01,0.15,-0.04,-0.35,0.09,0.22,0.08,-0.09,0.25,0.11
20041231,-0.05,-0.18,-0.20,0.34,-0.07,-0.22,-0.27,-0.37,-0.44,-0.08
20050103,-0.90,-1.32,-1.11,-3.21,-1.10,-0.50,-0.23,-1.10,-1.47,-0.63
20050104,-0.42,-1.40,-1.60,-0.67,-2.16,-1.29,-1.15,-0.96,-0.69,-1.17
20050105,-0.51,-1.55,-0.84,-0.56,-0.63,-0.12,-0.24,-0.43,-0.98,-0.38
20050106,0.20,0.33,0.44,1.59,-0.42,0.36,0.09,0.71,0.38,0.53
20050107,0.34,-0.59,-0.09,-0.73,0.06,-0.13,-0.16,0.03,-0.35,-0.45
20050110,0.75,0.33,0.60,0.73,0.24,0.15,0.30,0.83,0.71,0.31
20050111,-0.53,-0.47,-0.58,-0.06,-1.15,-0.58,-0.29,-1.02,-0.46,-0.60
20050112,0.02,0.14,0.76,1.66,0.65,0.16,0.57,0.55,0.31,-0.10
20050113,-0.44,-0.97,-0.61,0.46,-1.03,-0.91,-0.62,-1.74,0.52,-0.75
20050114,0.62,0.33,1.02,0.94,0.65,0.45,0.85,0.58,0.72,0.53
20050118,1.29,0.45,0.33,1.06,0.90,0.95,1.03,0.92,0.81,1.19
20050119,-0.23,-0.92,-0.51,-0.61,-1.97,-1.25,-0.93,-0.64,-0.27,-0.92
20050120,-0.37,-1.72,-0.58,-0.88,-1.34,-0.64,-0.67,-0.34,-0.30,-0.73
20050121,-0.42,-1.23,-0.77,-0.02,-0.68,0.03,-0.92,-1.03,-0.24,-0.39
20050124,-0.53,-0.80,-0.81,0.98,-1.25,-0.05,-0.73,-1.05,0.63,-0.10
20050125,-0.09,0.65,0.64,0.34,0.52,-0.23,0.41,0.91,-0.67,0.29
20050126,-0.02,1.02,0.48,0.97,1.14,0.24,0.69,0.81,1.44,0.34
20050127,0.54,0.00,0.55,0.79,0.26,-1.00,0.27,-0.20,0.52,-0.22
20050128,0.05,-0.58,0.09,-0.79,-0.35,-0.14,-0.36,-1.06,0.08,-0.13
20050131,0.93,1.12,0.87,1.11,1.22,0.23,1.07,0.13,1.11,1.22
20050201,0.23,0.31,0.64,2.27,0.21,0.16,0.44,0.75,0.68,0.97
20050202,0.50,0.62,0.71,1.24,0.19,0.53,0.58,0.46,0.50,-0.05
20050203,-0.38,-0.94,-0.14,0.71,-0.98,0.04,0.34,-0.40,0.22,-0.30
20050204,1.62,0.74,0.74,0.73,1.70,1.22,0.77,1.09,1.15,1.06
20050207,-0.24,0.50,-0.15,-0.44,-0.11,-0.37,-0.02,0.38,-0.40,-0.10
20050208,0.27,-0.32,0.14,0.88,0.36,-0.12,-0.33,0.10,0.32,-0.08
20050209,-0.86,-1.30,-1.14,-0.27,-1.51,-1.02,-1.28,-1.27,-0.42,-0.68
20050210,0.38,0.30,0.77,2.18,0.04,-0.24,0.11,0.07,0.25,0.29
20050211,0.42,0.52,0.98,0.49,1.11,0.54,0.60,1.28,0.07,0.69
20050214,-0.12,-0.01,0.16,0.74,0.33,-0.29,-0.04,-0.10,0.90,-0.05
20050215,-0.01,0.48,0.42,0.12,0.49,0.74,0.53,-0.08,-0.24,0.25
20050216,0.07,0.02,0.43,2.74,-0.32,0.07,-0.06,-0.33,0.77,-0.28
20050217,-0.86,-0.93,-0.61,-1.13,-1.30,-0.94,-0.56,-0.14,-0.42,-0.76
20050218,-0.08,0.18,0.19,2.31,-0.25,-0.32,-0.01,1.47,-1.06,-0.68
20050222,-1.56,-1.51,-1.72,-0.94,-1.12,-1.05,-1.92,-1.17,-2.41,-1.53
20050223,0.33,0.57,0.99,1.50,-0.15,0.74,0.31,0.44,0.58,0.62
20050224,0.72,0.55,1.19,2.34,0.98,-0.12,0.60,0.74,0.88,0.63
20050225,0.59,1.04,1.24,2.81,0.68,0.13,0.73,0.90,1.74,0.87
20050228,-0.24,-1.00,-0.80,-0.27,-0.25,-0.12,-0.10,-1.72,-0.69,-0.67
20050301,0.87,0.75,0.39,-2.04,0.92,1.16,1.07,0.85,0.29,0.74
20050302,-0.04,-1.19,-0.16,1.23,-0.26,0.24,-0.04,0.02,0.09,-0.07
20050303,0.10,0.17,0.21,1.28,-0.56,-0.28,0.59,-0.33,0.27,-0.17
20050304,0.66,-0.12,1.48,1.29,0.47,0.38,0.67,0.37,1.53,1.21
20050307,-0.19,0.41,-0.14,-0.68,1.11,0.43,0.08,0.37,0.75,0.25
20050308,-0.59,-0.90,-0.38,-0.06,-0.88,-0.86,-0.49,-0.61,-0.51,-0.35
20050309,-0.90,-1.28,-0.71,-2.91,-0.32,-0.56,-0.65,-0.60,-1.73,-1.07
20050310,0.26,0.14,-0.08,-1.78,0.20,-0.14,0.05,0.07,0.47,0.29
20050311,-0.32,0.26,-0.22,0.85,-1.20,-0.37,-0.24,-0.92,-0.67,-0.69
20050314,0.39,0.57,0.47,0.55,0.28,0.59,0.29,1.40,1.67,0.64
20050315,-0.40,-0.88,-0.37,-1.39,-0.81,-0.42,-0.47,-1.17,-0.58,-0.54
20050316,-0.76,-3.15,-1.16,0.21,-1.04,-0.28,-0.71,-0.74,-0.91,-0.92
20050317,0.17,-0.83,0.38,1.97,-0.08,0.22,0.33,-0.04,0.64,-0.12
20050318,-0.30,-0.58,0.08,1.40,-0.65,-0.16,-0.52,0.04,-0.23,-0.19
20050321,-0.58,0.46,-0.46,-0.79,0.21,-0.22,-0.48,-0.13,-0.20,-0.60
20050322,-0.55,-0.86,-0.51,-1.52,-0.94,-1.18,-0.20,-0.22,-1.79,-1.25
20050323,0.03,-1.32,-0.34,-1.78,0.36,0.32,-0.16,1.16,-0.73,-0.25
20050324,-0.13,0.77,0.19,-0.60,0.04,-0.39,0.38,0.11,1.04,-0.12
20050328,0.55,-0.85,-0.23,-0.13,0.04,0.52,0.60,-0.21,0.10,0.43
20050329,-0.21,-1.16,-1.61,-1.37,-0.77,-0.55,-0.80,-0.46,-1.24,-0.73
20050330,1.19,1.34,1.57,1.46,1.63,1.22,1.12,1.31,1.38,1.27
20050331,-0.09,0.01,0.24,1.52,-0.28,0.35,-0.16,-0.70,1.07,-0.12
20050401,-0.70,-0.85,-0.46,2.29,-0.70,-0.53,-1.40,-0.85,0.41,-1.14
20050404,-0.01,-0.38,0.13,-0.52,0.31,0.58,0.73,0.26,0.17,0.53
20050405,0.55,0.31,0.33,-1.31,0.02,0.54,0.89,1.82,0.53,0.36
20050406,-0.32,0.48,0.27,1.69,-0.19,-0.25,-0.18,0.34,-0.16,0.39
20050407,0.43,0.79,0.87,-0.29,1.08,0.66,0.06,0.97,0.55,0.42
20050408,-0.43,-1.37,-0.97,-1.68,-0.81,-0.55,-1.02,-0.80,-0.79,-0.80
20050411,-0.18,-1.53,0.00,0.52,-0.57,-0.18,-0.14,-0.05,0.81,0.01
20050412,0.68,0.18,0.38,-1.06,0.40,0.58,0.62,0.65,0.87,1.02
20050413,-0.43,-2.93,-1.77,-2.50,-1.65,-0.92,-0.82,0.54,-0.79,-1.41
20050414,-0.12,-3.19,-1.82,-0.48,-1.33,-0.61,-1.20,-0.03,-1.13,-1.34
20050415,-1.31,-2.33,-1.94,-3.97,-2.95,-1.82,-1.83,1.26,-1.75,-1.14
20050418,-0.63,0.80,0.41,1.78,0.11,-0.24,0.52,-0.60,0.61,0.53
20050419,0.72,0.57,1.01,2.43,1.22,0.29,0.26,0.02,1.33,0.48
20050420,-1.37,-1.43,-1.42,-2.13,-0.83,-1.00,-1.61,-1.12,-0.94,-1.53
20050421,1.83,3.03,2.20,3.23,2.99,1.96,1.53,1.37,1.35,1.26
20050422,-0.77,-1.18,-1.08,0.32,-1.38,-0.72,-1.65,-0.35,0.40,-0.80
20050425,1.21,0.31,0.88,1.38,0.81,0.51,1.07,0.11,0.84,1.23
20050426,-0.60,-1.62,-1.57,-1.49,-1.13,-1.00,-0.52,-0.28,-1.12,-0.63
20050427,0.51,-0.32,-0.24,-2.19,0.30,1.08,0.39,0.35,0.52,0.88
20050428,-0.60,-1.26,-1.02,-2.76,-1.22,-0.94,-1.26,-0.99,-0.68,-1.16
20050429,0.62,0.44,1.15,1.35,1.08,0.60,0.24,1.31,1.15,1.30
20050502,0.42,1.07,0.73,1.77,0.25,-0.43,1.01,0.28,0.59,0.44
20050503,0.57,0.14,0.03,-2.32,0.43,0.07,0.45,0.34,-0.68,-0.10
20050504,0.96,4.91,1.31,1.15,1.23,1.23,0.92,0.91,0.51,1.62
20050505,-0.01,-1.70,-0.45,1.02,-0.24,-0.63,0.26,-0.16,-0.38,-0.37
20050506,-0.28,0.34,0.33,-0.25,0.51,-0.22,0.10,-0.40,-0.07,-0.19
20050509,0.37,0.72,0.36,1.18,0.37,0.40,0.92,0.51,0.78,0.72
20050510,-0.66,-0.97,-1.07,-1.51,-1.16,-0.71,-0.76,-0.48,-0.50,-1.24
20050511,0.21,-0.32,0.56,0.60,0.59,-0.32,0.20,0.42,0.42,0.49
20050512,-0.41,-1.78,-1.38,-4.30,-0.07,-0.28,-0.90,-0.36,-1.10,-1.09
20050513,-0.44,-0.08,-1.08,-1.84,1.34,-0.34,-0.63,-0.45,-1.59,-0.80
20050516,1.01,1.33,1.00,-0.66,0.90,0.37,1.55,1.08,0.61,1.54
20050517,0.01,0.28,1.03,1.81,0.53,0.45,1.12,-0.02,1.27,0.66
20050518,0.84,3.38,1.83,-0.08,1.45,0.59,1.89,0.38,0.31,1.24
20050519,0.47,0.91,-0.04,1.90,0.81,0.91,0.54,0.16,0.35,0.21
20050520,-0.09,1.25,-0.22,-1.03,0.18,0.10,-0.46,-0.22,-0.03,-0.02
20050523,0.10,0.40,0.65,1.56,0.44,0.16,0.66,0.33,-0.10,0.21
20050524,0.10,-1.06,-0.18,0.74,0.35,-0.03,-0.28,0.15,0.06,-0.06
20050525,-0.33,-0.44,-0.92,1.08,-0.50,-0.21,-0.48,-0.62,-0.05,-0.59
20050526,0.17,1.12,0.86,0.83,1.21,0.55,0.50,0.46,0.42,0.83
20050527,-0.06,0.04,0.11,1.50,-0.03,0.13,0.09,-0.21,0.67,0.17
20050531,-0.62,-0.84,-0.51,-0.79,-0.64,-0.27,-0.39,-0.59,0.20,-0.43
20050601,0.49,-0.01,1.04,1.92,0.98,0.05,1.02,0.60,1.20,0.92
20050602,0.46,0.43,-0.18,0.05,0.51,0.53,0.99,0.09,-0.05,0.05
20050603,-0.67,-1.14,-0.60,0.20,-1.25,-0.18,-1.10,-0.87,0.08,-0.52
20050606,0.01,-0.14,0.20,0.48,0.01,-0.37,0.65,-0.07,0.05,0.20
20050607,0.28,0.98,0.24,-0.69,-0.42,0.19,0.19,-0.02,0.16,0.06
20050608,-0.04,0.79,-0.29,-0.26,-0.10,0.03,-0.66,-0.61,0.08,-0.24
20050609,0.18,-0.12,0.06,2.81,0.85,0.04,0.56,0.50,0.42,0.39
20050610,-0.11,1.38,-0.07,0.04,-0.76,0.42,-0.02,-0.10,0.35,-0.32
20050613,0.15,0.60,0.16,0.34,0.38,0.75,0.26,0.29,0.55,0.15
20050614,-0.13,1.52,0.25,0.46,-0.31,0.04,1.61,0.64,0.27,0.29
20050615,-0.14,0.46,0.40,1.22,0.41,-0.24,0.23,-0.23,-0.34,0.24
20050616,0.25,0.48,0.52,1.51,0.40,-0.30,0.22,0.79,0.08,0.38
20050617,0.17,0.13,0.39,1.58,-0.03,0.04,-0.26,0.47,0.94,0.44
20050620,0.04,-0.23,-0.45,0.13,-0.15,0.55,-0.10,0.08,0.11,-0.12
20050621,-0.21,0.50,-0.22,-2.12,0.35,-0.13,-0.16,-0.46,-0.14,0.12
20050622,-0.07,-1.10,0.03,0.28,0.18,0.02,0.31,-0.28,0.73,-0.03
20050623,-1.03,-1.69,-1.55,-0.52,-0.92,-1.04,-1.38,-0.76,0.22,-1.27
20050624,-1.15,-1.19,-1.32,-0.82,-1.43,-0.33,-1.09,-0.32,-0.67,-0.23
20050627,-0.05,-0.78,-0.17,1.71,-0.72,-0.29,0.03,-0.35,0.46,0.01
20050628,1.05,1.99,1.54,-1.20,1.10,0.86,1.75,1.15,0.90,1.22
20050629,-0.53,0.24,-0.22,-0.50,0.12,0.01,-0.19,-0.38,-0.12,0.25
20050630,-0.60,-0.92,-0.88,-0.87,-0.81,-0.43,-0.39,-0.73,0.17,-0.55
20050701,0.37,0.55,0.14,2.19,0.10,0.17,0.19,-0.14,1.06,0.22
20050705,0.35,0.92,0.57,3.04,0.96,0.38,1.80,0.64,0.41,0.66
20050706,-1.05,-0.45,-0.77,-1.67,-0.26,-0.49,-0.89,-0.75,-1.61,-0.54
20050707,-0.17,-0.30,0.28,1.13,0.38,-0.28,0.25,0.25,0.86,0.16
20050708,1.33,1.78,1.56,-0.39,1.74,1.23,1.19,1.48,1.01,1.10
20050711,0.54,1.52,1.16,0.68,1.11,0.44,0.66,0.40,0.73,0.50
20050712,0.00,-0.33,-0.17,0.69,0.51,0.10,0.57,0.24,0.29,0.03
20050713,0.26,0.00,0.13,-0.44,0.40,0.12,-0.28,-0.54,0.09,0.13
20050714,0.55,1.26,0.26,-2.36,0.59,0.29,0.13,0.88,-1.05,0.23
20050715,0.14,0.48,-0.10,-0.47,0.09,-0.01,0.52,0.40,-0.09,0.19
20050718,-0.67,0.26,-0.24,-0.48,-0.57,-1.00,0.19,-0.68,-0.23,-0.76
20050719,0.47,0.90,1.12,1.84,1.69,0.05,0.62,0.30,0.50,0.32
20050720,0.23,0.14,1.30,0.29,-0.10,0.10,0.51,1.59,0.40,0.52
20050721,-0.33,-1.49,-0.63,-1.20,-0.31,-0.53,-1.17,-0.82,-1.60,-0.67
20050722,0.74,0.11,0.71,3.01,-0.27,0.66,0.64,-0.32,1.19,0.67
20050725,-0.42,-0.56,-0.57,0.55,-0.47,-0.27,-0.58,-0.74,-0.19,-0.58
20050726,0.15,0.46,-0.13,-0.42,0.45,0.89,0.30,0.31,0.07,0.21
20050727,0.08,0.11,0.41,0.42,0.52,1.03,0.47,1.16,0.44,0.12
20050728,0.78,0.79,1.06,0.73,0.13,0.85,1.05,0.50,0.77,0.73
20050729,-0.65,-0.77,-0.37,-1.20,-0.66,-0.61,-0.44,-0.45,-0.03,-0.82
20050801,-0.33,0.29,-0.14,0.96,0.37,-0.09,-0.02,0.58,-0.93,0.13
20050802,0.43,0.27,0.81,1.36,1.21,0.19,0.24,0.43,2.06,0.51
20050803,0.28,-0.33,-0.21,-0.62,0.27,0.41,-0.44,0.01,0.38,0.03
20050804,-0.46,-0.64,-1.00,-0.02,-0.98,-0.28,-1.56,-1.06,-0.74,-0.67
20050805,-0.93,-1.65,-0.48,-0.71,-0.37,-0.64,-0.86,-0.80,-1.71,-1.00
20050808,-0.38,0.16,0.03,1.34,-0.53,-0.44,-0.23,-0.59,-1.78,-0.41
20050809,0.41,0.76,0.23,0.09,0.51,0.87,0.72,0.91,0.76,0.60
20050810,0.16,-0.18,0.00,1.74,-1.12,-0.29,-0.05,-0.15,0.23,-0.14
20050811,0.49,0.21,0.82,1.08,0.74,0.54,0.39,0.77,0.76,0.77
20050812,-0.52,-0.57,-0.64,-0.05,-1.00,-0.46,-0.38,-0.65,-0.21,-0.48
20050815,0.48,0.10,0.42,-0.96,0.61,0.47,0.53,0.29,0.26,0.35
20050816,-0.72,-1.33,-1.59,-2.26,-1.27,-0.70,-2.28,-0.77,-1.47,-0.78
20050817,0.19,-0.09,0.15,-2.22,0.88,0.25,0.44,0.13,-0.45,0.03
20050818,0.77,0.05,-0.22,-0.17,-0.65,-0.57,-0.16,0.03,0.36,-0.05
20050819,0.18,0.48,0.44,1.57,-0.02,-0.05,-0.73,-0.54,0.73,0.07
20050822,0.01,0.15,0.31,0.40,0.22,0.17,0.05,0.02,0.72,0.22
20050823,-0.16,-0.21,-0.66,-0.18,-0.08,-0.03,-0.22,-0.43,0.55,-0.48
20050824,-0.48,-0.09,-0.79,0.43,-0.35,-0.99,-1.04,-0.25,-0.27,-0.75
20050825,0.22,-0.01,0.26,0.16,0.22,-0.17,0.36,0.15,0.75,0.22
20050826,-0.55,-0.92,-0.51,-1.26,-0.42,-0.37,-0.65,-0.47,-0.55,-0.80
20050829,0.63,-0.14,0.79,0.79,0.74,0.38,0.51,1.09,0.64,0.52
20050830,-0.46,-0.22,-0.49,1.51,-0.14,-0.09,-1.23,-0.27,0.05,-0.53
20050831,0.84,1.06,1.14,2.86,0.86,0.61,0.93,1.30,1.20,1.00
20050901,-0.26,-1.06,0.14,2.80,-0.31,-0.32,-0.89,0.09,1.38,0.09
20050902,-0.13,-0.31,-0.26,-1.90,-0.23,-0.42,-0.38,-0.20,-0.32,-0.12
20050906,0.94,0.92,1.06,0.51,1.27,1.15,2.02,1.52,1.11,1.23
20050907,0.28,0.63,0.30,0.42,0.21,-0.20,0.85,0.45,-0.12,0.27
20050908,-0.30,-1.08,-0.52,0.08,-0.04,-0.52,-0.81,-0.30,-0.68,-0.50
20050909,0.32,0.38,0.88,2.75,0.35,0.47,0.68,0.47,1.31,0.61
20050912,0.33,0.66,0.02,-1.58,0.32,-0.16,0.57,-0.28,-0.27,0.17
20050913,-0.92,-0.84,-0.74,-0.97,-0.09,-0.44,-1.45,-1.06,-0.55,-0.75
20050914,-0.36,-0.09,-0.69,1.05,-0.96,-0.59,-0.91,-0.42,0.37,-0.35
20050915,0.41,-0.77,-0.06,0.01,-0.46,-0.12,-0.09,-0.13,0.60,0.23
20050916,0.36,0.29,0.46,1.34,0.60,0.73,0.16,0.63,0.94,1.02
20050919,-0.62,-1.43,-0.87,2.37,-0.61,-0.92,-1.09,-0.76,0.02,-0.84
20050920,-0.81,-2.19,-0.87,-0.73,-0.43,-0.77,-1.78,-0.46,-0.54,-0.69
20050921,-1.63,-0.73,-1.17,1.34,-1.23,-1.10,-1.62,-0.73,-1.23,-1.22
20050922,0.36,0.33,0.55,-0.51,0.12,0.05,1.71,-0.06,-0.78,0.48
20050923,0.34,0.53,0.57,-1.72,0.38,0.36,0.21,-0.20,0.23,0.45
20050926,0.14,-0.04,0.13,1.74,-0.09,0.00,0.32,-0.40,0.61,-0.03
20050927,0.81,-0.61,0.37,0.02,-0.31,-0.32,0.02,-0.60,0.32,0.13
20050928,0.07,-0.11,0.00,0.93,0.27,0.58,-0.64,0.09,0.95,-0.21
20050929,0.67,0.25,0.62,0.82,1.35,0.41,0.83,0.32,1.18,1.23
20050930,0.41,0.93,1.00,-1.55,0.59,0.66,0.58,0.12,-0.19,0.06
20051003,0.00,0.42,-0.16,-0.26,0.18,-0.39,0.03,0.11,1.15,-0.10
20051004,-0.27,-1.04,-1.11,-3.39,-1.11,-0.37,-0.34,0.35,-1.79,-0.95
20051005,-0.82,-3.19,-1.99,-3.65,-1.55,-1.28,-1.25,-1.78,-3.15,-0.99
20051006,-0.13,-0.66,-0.73,-2.47,-0.90,-0.67,0.26,-1.07,-1.50,0.21
20051007,-0.24,-0.12,0.68,2.21,0.31,-0.26,0.22,-0.19,1.14,0.44
20051010,-0.74,-3.38,-0.67,-1.62,-0.80,-0.23,-0.32,-0.09,-1.77,-0.60
20051011,-0.27,-0.44,-0.25,2.28,-0.61,-1.22,-0.23,-0.67,0.02,-0.60
20051012,-0.59,-0.15,-0.38,-1.66,-0.88,-0.95,-0.93,-0.10,-1.79,-0.70
20051013,-0.43,0.79,-0.09,-2.54,0.55,-0.43,0.15,0.89,-2.13,0.17
20051014,0.90,0.68,0.98,1.35,0.55,0.47,1.07,0.56,1.10,1.15
20051017,1.19,1.27,0.29,1.24,0.23,-0.44,0.42,-0.22,1.18,0.10
20051018,-0.82,-1.56,-1.06,-4.52,-0.31,-0.94,-0.80,-0.25,-1.98,-0.74
20051019,0.63,1.22,1.05,1.73,1.47,0.93,2.34,0.93,0.48,1.86
20051020,-0.89,-0.75,-1.17,-4.47,-1.00,-0.93,-0.78,-2.12,-2.53,-1.06
20051021,-0.01,-0.43,-0.25,0.81,0.69,0.81,0.29,-0.72,1.16,0.47
20051024,0.99,2.63,1.78,3.35,1.35,1.72,1.47,1.10,2.64,1.77
20051025,-0.20,-0.31,-0.22,1.95,-0.82,0.31,-1.17,-0.04,0.23,-0.57
20051026,-0.30,-0.41,-0.30,-1.07,-0.19,-0.31,-0.93,-0.53,-1.22,-0.24
20051027,-1.15,-2.61,-1.32,-2.31,-1.39,-0.86,-2.03,-1.36,-1.27,-0.61
20051028,1.49,1.21,1.80,2.28,0.98,1.24,2.07,1.17,2.14,1.62
20051031,0.22,1.74,0.69,0.69,1.54,0.81,2.15,0.81,1.10,0.69
20051101,-0.24,-0.21,-0.24,0.53,-0.31,0.29,-0.51,-0.45,-1.96,-0.17
20051102,0.70,0.87,1.16,1.59,1.35,1.23,1.34,0.44,0.67,1.30
20051103,0.10,-0.17,0.23,1.89,1.02,-1.12,0.71,0.96,0.17,-0.01
20051104,-0.29,0.09,-0.15,-2.38,0.49,0.12,0.48,0.47,-0.29,0.16
20051107,0.33,1.21,0.40,-1.67,0.47,-0.19,0.61,0.13,-0.48,0.65
20051108,-0.37,-1.41,-0.34,0.95,-0.27,0.07,-1.11,-0.11,-0.19,-0.62
20051109,0.09,-0.86,0.10,-0.80,-0.01,0.27,0.17,0.37,0.77,0.38
20051110,1.09,0.60,0.72,-2.80,0.78,0.99,1.59,0.93,-0.68,1.53
20051111,0.06,0.82,0.48,0.65,0.25,-0.02,0.19,0.17,-0.73,0.44
20051114,-0.29,-0.37,0.16,0.22,0.13,-0.16,0.18,-0.79,-0.42,-0.10
20051115,-0.47,-1.20,-0.19,0.06,-0.36,-0.71,-1.39,0.40,0.03,-0.76
20051116,-0.34,-0.63,0.23,2.08,0.26,-0.18,0.23,-0.35,0.78,-0.21
20051117,-0.34,1.78,1.07,0.03,1.47,1.44,1.32,0.79,1.39,1.27
20051118,0.22,1.95,0.28,0.30,0.27,0.54,0.24,0.43,0.10,0.70
20051121,0.22,0.61,0.84,2.31,0.26,0.15,0.52,0.29,0.44,0.63
20051122,0.73,0.10,0.36,1.29,0.66,0.46,0.73,-0.47,0.37,0.52
20051123,0.41,0.87,0.06,-0.33,0.49,0.21,0.46,0.06,0.62,0.51
20051125,0.20,-0.82,0.25,0.39,0.20,0.36,0.08,0.09,0.59,0.17
20051128,-0.53,-0.20,-0.73,-3.23,-0.67,-0.07,-1.16,-1.10,-0.77,-0.91
20051129,0.45,0.30,0.69,0.11,-0.32,-0.23,-0.23,-0.40,0.25,0.13
20051130,-0.70,-1.02,-0.18,0.06,0.14,-0.82,-0.53,-0.25,-0.81,-0.76
20051201,0.85,1.40,1.79,2.86,1.64,1.16,0.78,0.82,1.03,1.00
20051202,0.01,-0.39,-0.13,0.00,0.08,0.05,0.24,0.46,-0.03,0.00
20051205,-0.50,-0.56,-0.22,0.94,-0.79,-0.19,-0.78,0.15,-0.06,-0.30
20051206,-0.22,-0.10,0.31,0.60,0.28,0.27,0.50,-0.53,0.03,0.11
20051207,-0.39,0.06,-0.61,-0.68,-0.37,-0.15,0.05,-0.28,-0.61,-0.73
20051208,-0.15,-0.43,0.08,1.36,-0.57,-0.67,-0.12,0.26,0.99,-0.15
20051209,0.12,1.06,0.20,-1.47,0.62,0.39,0.42,-0.18,0.74,0.57
20051212,0.17,0.48,0.12,1.10,0.26,-0.24,0.33,0.11,-0.40,-0.16
20051213,0.56,-0.25,0.79,-0.06,-0.12,0.15,0.39,1.09,1.09,0.55
20051214,0.16,0.59,0.49,1.03,-0.08,-0.21,0.61,0.06,1.19,0.43
20051215,0.58,-0.34,-0.43,-0.80,-0.17,-0.16,-0.54,0.24,0.10,-0.25
20051216,0.29,-0.30,-0.37,-2.47,-0.34,-0.05,-0.22,0.02,-0.17,0.02
20051219,-0.47,-1.05,-0.82,-0.38,-1.35,-0.52,-1.11,0.83,-1.29,-0.82
20051220,-0.36,-0.95,0.05,0.73,-0.10,-0.57,0.01,-0.24,0.34,0.09
20051221,0.26,0.29,0.76,0.11,0.38,-0.44,0.34,0.68,-0.90,0.42
20051222,0.22,0.14,0.70,-0.29,0.63,0.46,-0.06,0.74,0.47,0.57
20051223,-0.05,0.28,0.19,-0.30,0.21,0.15,0.17,0.04,0.03,0.12
20051227,-0.54,-0.38,-1.00,-2.68,-0.99,-0.42,-1.02,-0.96,-0.76,-0.81
20051228,0.15,0.35,0.54,1.29,0.14,-0.40,0.43,0.00,-0.03,0.03
20051229,-0.11,0.12,-0.21,-0.55,-0.63,0.02,-0.25,-0.38,-0.24,-0.05
20051230,-0.64,-0.65,-0.75,0.26,-0.62,-0.36,-0.75,-0.52,-0.25,-0.44
20060103,0.67,0.64,1.41,4.36,1.92,1.03,0.48,1.32,2.03,1.27
20060104,0.42,0.96,0.59,0.34,1.09,0.49,-0.11,1.00,0.04,0.14
20060105,-0.23,0.95,-0.18,-1.12,0.88,0.43,-0.43,0.03,-0.63,0.14
20060106,0.72,0.90,1.08,2.06,1.56,1.39,0.60,0.58,0.88,0.53
20060109,0.38,0.98,0.52,-0.01,0.38,0.31,0.72,1.01,-0.14,0.44
20060110,-0.35,0.27,-0.03,0.84,0.12,-0.42,0.30,-0.40,0.19,0.09
20060111,0.02,0.08,-0.06,0.37,0.78,0.37,0.61,-0.31,-0.21,0.34
20060112,-0.24,-1.77,-0.83,-0.58,-0.71,-0.18,-0.63,-0.49,-0.05,-0.76
20060113,0.14,-0.40,0.08,1.44,0.01,0.18,-0.28,0.21,0.78,0.05
20060117,-0.50,-1.40,-0.19,2.06,-0.94,-0.89,-0.70,-0.23,1.01,-0.72
20060118,-0.04,0.27,-0.27,-1.53,-1.19,0.19,0.35,0.11,0.03,-0.15
20060119,-0.02,1.77,0.92,1.91,1.08,0.70,0.38,0.68,0.91,0.12
20060120,-1.30,-1.79,-1.65,-0.48,-2.84,-1.48,-1.61,-1.70,-0.69,-1.95
20060123,0.19,1.65,0.57,0.90,0.00,-0.14,0.00,-0.17,0.03,0.21
20060124,0.36,1.52,1.03,-0.27,0.56,0.68,1.05,-0.47,0.62,0.50
20060125,-0.30,0.31,0.07,-1.78,-0.07,0.15,0.28,-0.19,-1.36,-0.05
20060126,0.33,0.64,1.22,-0.27,0.74,0.96,0.77,0.70,-0.68,1.33
20060127,0.86,0.88,0.80,1.70,0.82,0.62,0.25,1.12,0.63,0.29
20060130,-0.37,0.12,0.10,2.37,0.34,0.09,-0.02,-0.51,-0.43,-0.08
20060131,-0.60,-0.85,-0.07,-0.24,-0.44,-0.65,0.03,-0.06,0.08,-0.10
20060201,0.48,0.54,0.69,-1.72,0.34,0.62,0.05,0.54,0.11,0.14
20060202,-0.64,-0.76,-0.96,-0.88,-1.48,-0.98,0.16,-0.86,-1.39,-0.78
20060203,-0.44,-0.63,-0.46,-0.94,-0.88,0.13,-0.53,-0.44,-0.57,-0.30
20060206,-0.34,-0.09,0.95,1.41,-0.28,0.05,-0.28,-0.54,0.56,0.15
20060207,-0.32,-0.59,-1.28,-3.51,-0.35,0.12,-0.76,-0.37,-0.76,-0.90
20060208,0.53,0.36,0.44,-0.12,1.53,1.47,0.66,1.19,-0.16,0.70
20060209,0.38,-0.02,0.04,-1.98,-0.47,-0.33,-0.04,-0.11,0.13,0.16
20060210,0.04,0.16,0.37,-0.79,0.33,0.62,0.23,-0.34,-0.15,0.41
20060213,-0.45,-0.43,-0.54,-0.43,-0.91,-0.43,-0.11,-0.26,-0.10,-0.36
20060214,1.09,1.25,1.37,-0.43,1.05,1.48,1.56,0.91,-0.21,1.17
20060215,0.44,0.42,0.34,-0.20,0.32,0.56,0.84,0.91,0.27,0.37
20060216,0.49,0.49,0.65,1.94,1.19,0.60,0.30,0.88,0.93,0.45
20060217,-0.17,0.06,0.16,0.89,-0.78,0.16,-0.55,-0.01,0.95,-0.26
20060221,-0.25,-0.69,0.01,1.40,-1.12,-0.38,-0.61,-0.74,0.29,-0.39
20060222,0.93,0.70,0.48,-1.43,0.93,0.02,0.65,0.69,0.52,1.45
20060223,0.13,-0.56,-0.27,-0.39,-0.42,-0.04,-0.02,-0.36,-0.42,-0.31
20060224,-0.09,-0.28,0.21,1.32,0.14,-0.28,-0.29,0.33,0.42,0.21
20060227,0.33,0.85,-0.09,-1.45,1.05,0.73,1.05,1.01,0.67,0.24
20060228,-0.95,-1.12,-1.06,-1.01,-1.12,-0.79,-0.88,-1.34,-0.82,-1.11
20060301,0.47,0.58,1.15,1.60,2.00,1.00,0.80,0.21,0.00,0.57
20060302,-0.22,-1.34,0.00,1.12,-0.03,-0.04,-0.59,-0.19,-0.11,-0.39
20060303,0.14,-0.67,0.10,0.17,-0.35,-0.49,-0.17,-0.18,-0.27,-0.10
20060306,-0.28,-0.11,-1.03,-2.75,-0.72,0.53,-0.56,-0.57,-2.23,-0.40
20060307,0.06,-0.17,-0.39,-1.17,-0.68,-0.84,-0.29,-0.24,-0.54,-0.05
20060308,0.66,-0.13,-0.19,-0.07,-0.05,0.06,0.40,0.62,0.21,0.15
20060309,0.29,0.13,-0.01,-1.10,-0.81,0.01,-0.50,-0.60,-0.55,-0.53
20060310,0.91,1.04,1.10,0.29,0.44,0.66,0.84,0.41,0.56,0.87
20060313,0.18,-0.17,0.05,1.69,0.25,0.04,0.07,0.22,0.60,0.08
20060314,0.76,0.59,0.83,1.78,1.31,0.62,1.11,0.46,0.96,1.08
20060315,-0.18,0.87,0.88,0.48,0.75,0.47,0.35,0.25,0.36,0.51
20060316,0.06,0.10,0.15,1.37,-0.73,-0.10,0.77,-0.05,0.70,0.17
20060317,-0.04,-0.18,0.26,-0.95,0.40,-0.10,0.42,0.74,-0.37,0.25
20060320,-0.02,0.11,-0.13,-1.60,0.37,-0.28,0.22,0.22,-1.13,0.05
20060321,-0.52,0.19,-0.73,-0.30,-0.65,-0.29,-0.38,-0.83,-0.99,-0.85
20060322,0.58,0.64,1.04,0.73,0.13,0.40,0.37,0.96,0.70,0.75
20060323,-0.55,-0.41,-0.18,1.12,-0.24,0.03,0.15,-0.42,-0.08,-0.37
20060324,0.24,0.99,0.36,0.75,0.51,0.57,-0.15,-0.14,0.06,0.09
20060327,-0.45,0.48,-0.06,0.56,0.14,-0.04,-0.14,-0.71,-0.67,0.06
20060328,-0.52,-0.53,-0.57,0.31,-0.69,-0.84,-0.39,-0.94,-0.28,-0.74
20060329,0.60,1.70,0.93,1.05,1.69,0.94,0.65,0.22,0.84,0.70
20060330,-0.54,-0.73,-0.17,-0.04,0.14,-0.32,-0.37,-0.14,-0.79,-0.10
20060331,-0.36,-0.32,-0.37,-1.02,-0.27,-0.17,-0.18,-0.29,-0.62,0.08
20060403,0.32,-0.69,0.42,0.58,0.29,0.50,-0.61,-0.31,0.43,0.06
20060404,0.00,0.22,0.60,1.11,0.34,0.37,0.43,0.06,0.76,0.84
20060405,0.14,-0.01,0.49,1.23,0.86,0.20,0.47,-0.33,0.88,0.31
20060406,-0.29,-0.54,0.20,0.09,0.09,0.04,0.06,-0.72,-1.05,-0.15
20060407,-0.86,-0.35,-0.88,-1.54,-1.08,-0.52,-0.90,-1.17,-1.47,-0.92
20060410,0.17,0.16,0.08,1.50,-0.38,-0.03,-0.44,-0.11,0.19,-0.04
20060411,-0.73,-1.22,-0.73,-0.26,-0.80,-1.08,-0.82,-0.89,-1.04,-0.85
20060412,0.07,0.10,0.51,-0.62,0.11,0.02,0.23,0.36,0.15,0.34
20060413,-0.31,0.32,0.33,0.23,0.36,0.29,0.13,0.06,-0.50,0.09
20060417,-0.41,-0.21,-0.03,1.55,-0.89,-0.51,-0.65,-0.37,0.19,-0.26
20060418,0.96,1.72,2.18,2.70,2.04,1.38,1.48,1.22,2.10,1.65
20060419,0.22,0.53,1.29,1.36,0.31,-0.78,-0.06,-0.10,0.39,0.17
20060420,0.32,1.96,-0.01,-1.09,0.09,-0.58,0.18,0.50,0.53,0.04
20060421,0.34,-1.39,0.45,2.20,-0.92,-0.17,-0.84,-0.23,0.44,-0.20
20060424,0.29,-0.40,-0.09,-1.35,-0.38,-0.13,-0.33,-0.33,0.30,-0.18
20060425,-0.28,0.43,-0.49,-1.20,0.00,0.64,-0.14,-0.65,-1.12,-0.58
20060426,0.54,1.66,0.42,-1.69,0.30,0.83,0.37,-0.01,-0.75,0.50
20060427,0.19,-0.81,-0.82,-1.13,0.58,1.04,0.01,0.57,1.15,0.59
20060428,0.37,-1.10,0.13,1.07,-1.99,-0.01,-0.13,0.60,0.31,0.75
20060501,-0.17,-0.31,0.32,1.22,-0.57,-0.31,0.12,-0.77,-0.62,-0.94
20060502,0.74,0.45,1.05,2.15,0.25,0.16,0.17,-0.44,1.67,0.51
20060503,0.07,0.24,-0.08,-1.34,-0.19,-0.16,0.18,-0.27,-0.49,-0.37
20060504,0.04,1.28,0.69,-0.64,0.66,0.39,0.30,0.34,0.17,0.47
20060505,0.74,0.59,0.94,1.07,0.61,0.79,1.52,1.07,2.02,1.24
20060508,0.45,0.21,0.20,-0.37,0.04,0.53,0.25,-0.02,-0.47,-0.24
20060509,0.27,1.20,0.23,0.55,-0.50,0.55,-0.07,-0.43,-0.63,0.11
20060510,-0.33,0.14,-0.10,0.70,-1.02,-0.07,-0.31,-0.45,0.63,0.06
20060511,-1.11,-1.17,-1.24,-0.86,-2.38,-1.02,-1.36,-0.51,-1.04,-1.29
20060512,-0.66,-0.91,-1.81,-2.88,-0.94,-0.80,-1.52,-0.67,-1.23,-0.99
20060515,0.96,0.25,-0.71,-1.82,-0.18,0.25,0.51,1.20,0.18,0.27
20060516,0.09,-0.45,0.15,0.27,-0.86,0.66,-0.57,0.09,-0.47,0.07
20060517,-0.93,-1.77,-2.18,-2.68,-1.16,-2.01,-1.22,-1.37,-1.72,-1.70
20060518,-0.71,-0.86,-1.17,-1.12,-0.50,-0.80,0.35,-0.69,-0.10,-0.78
20060519,0.39,0.84,0.23,0.44,0.51,0.90,0.53,0.20,0.76,0.31
20060522,0.20,-1.04,-0.88,-0.53,-0.79,-0.72,-0.65,-0.58,0.50,-0.33
20060523,-0.14,-0.08,-0.10,-0.04,-0.72,-0.15,-0.59,-0.50,-1.34,-0.44
20060524,0.63,0.71,-0.23,-1.13,0.68,0.06,-0.11,0.52,0.44,-0.07
20060525,0.74,1.71,1.19,2.98,1.20,1.40,1.14,1.13,1.24,1.00
20060526,0.26,1.24,0.81,0.65,0.42,0.99,0.28,0.82,0.89,0.64
20060530,-1.14,-2.67,-1.66,-1.97,-2.03,-1.56,-1.83,-1.62,-0.44,-1.47
20060531,0.72,1.16,1.06,2.08,0.42,0.92,1.08,0.80,1.65,0.88
20060601,0.65,1.42,1.17,0.64,1.73,2.41,1.29,1.16,1.18,1.33
20060602,-0.10,-0.60,0.06,1.27,-0.30,-0.18,-0.30,0.33,1.08,0.31
20060605,-1.31,-2.25,-2.55,-3.03,-1.99,-0.97,-1.70,-1.75,-1.15,-1.83
20060606,0.21,-0.93,-0.95,-0.01,-0.28,0.22,-0.30,-0.01,-0.18,-0.27
20060607,-0.30,-0.74,-1.22,-3.22,-1.11,-0.04,-0.05,0.36,-0.63,0.04
20060608,-0.26,-0.57,0.19,0.85,-0.67,-0.52,0.38,0.24,0.46,0.10
20060609,0.12,0.06,-0.50,-1.08,-0.49,-0.67,-0.40,-0.64,0.46,-0.36
20060612,-0.68,-1.03,-1.90,-1.70,-2.15,-0.92,-1.58,-0.96,-0.25,-1.38
20060613,-0.90,-0.67,-1.00,-2.98,-0.51,-0.26,-0.42,-0.51,-1.49,-1.49
20060614,0.25,0.43,1.24,2.39,0.94,0.20,0.82,0.33,-0.16,-0.22
20060615,1.10,2.26,2.78,3.52,2.83,1.93,2.17,1.61,1.69,2.31
20060616,0.13,-0.16,-0.37,-0.52,-0.44,0.20,-0.64,-0.24,-0.03,-0.63
20060619,-0.49,-0.56,-1.46,-3.21,-0.50,-0.80,-0.75,-0.99,-1.42,-0.72
20060620,0.32,-0.71,0.02,-0.46,-0.24,-0.11,0.06,-0.31,0.08,0.10
20060621,0.48,1.83,1.64,1.98,1.75,0.26,1.09,0.47,0.17,1.01
20060622,-0.07,-0.24,-0.30,0.39,-1.18,-0.56,-0.67,-0.54,-0.55,-0.46
20060623,-0.51,0.01,0.32,1.80,-0.26,0.21,-0.18,-0.01,0.94,-0.21
20060626,0.45,0.72,0.53,1.23,0.40,0.13,0.62,-0.05,0.44,0.64
20060627,-0.48,-1.36,-1.20,0.72,-1.48,-0.72,-1.15,-1.39,-0.28,-1.05
20060628,0.31,0.26,0.20,2.04,0.42,0.73,0.10,0.25,0.60,0.45
20060629,1.41,2.77,2.93,2.57,2.75,1.87,2.27,1.93,1.23,2.27
20060630,-0.01,2.07,0.10,-0.07,-0.46,0.60,-0.26,0.68,0.29,-0.18
20060703,0.62,-0.67,0.65,1.24,1.02,0.39,0.05,0.44,0.89,0.90
20060705,-0.56,-0.93,-1.05,0.36,-1.73,-0.78,-1.06,-0.26,-0.60,-0.89
20060706,1.49,0.03,0.31,0.36,0.03,0.06,0.16,0.49,-0.38,0.15
20060707,-0.27,-0.76,-1.40,-1.25,-1.36,-0.51,-0.94,-0.10,0.46,-0.65
20060710,0.38,0.40,0.30,0.21,-1.15,-0.29,0.31,0.01,0.59,0.39
20060711,0.70,0.06,0.48,1.25,0.67,0.08,0.13,0.00,0.74,0.17
20060712,-0.87,-1.47,-1.08,-0.39,-2.05,-0.76,-1.85,-0.91,-0.63,-1.09
20060713,-0.89,-2.71,-2.01,-0.75,-1.62,-2.07,-1.30,-0.99,-0.46,-1.52
20060714,-0.40,-1.31,-1.09,1.03,-0.44,-0.45,-1.22,-0.86,0.01,-0.72
20060717,0.12,-0.35,-0.81,-2.49,0.12,0.75,0.33,0.10,-0.02,-0.03
20060718,0.68,0.42,0.28,0.52,0.33,0.41,-0.80,-0.04,0.37,0.21
20060719,0.80,2.12,2.66,0.79,1.62,1.63,2.41,2.18,1.34,2.44
20060720,-0.16,-1.50,-2.20,-1.80,-1.46,-0.82,-1.05,-0.09,0.25,-1.07
20060721,-0.20,-0.66,-1.31,-1.38,-1.41,-0.87,-0.94,0.00,0.08,-0.87
20060724,0.81,2.47,1.89,2.92,1.87,1.78,1.93,2.19,1.05,1.47
20060725,0.91,0.90,0.85,1.64,0.62,1.33,0.88,0.95,0.67,0.24
20060726,-0.09,0.54,-0.60,1.69,0.00,0.69,-1.66,0.56,0.52,-0.47
20060727,-0.53,-0.73,-0.63,-0.64,-0.64,0.91,-0.87,-0.24,-0.60,-0.73
20060728,1.18,1.43,1.24,0.25,1.98,1.53,1.17,1.04,0.64,1.56
20060731,-0.19,-0.19,-0.04,1.55,-0.12,-0.49,0.07,-0.34,-0.16,-0.31
20060801,-0.30,-0.86,-0.87,0.36,-1.61,-0.82,-1.12,-0.12,0.97,-0.45
20060802,0.28,0.81,1.27,0.19,0.90,1.77,0.71,0.39,-0.11,0.54
20060803,0.02,1.08,0.91,-0.57,0.70,-0.83,0.98,-0.46,-0.49,0.46
20060804,-0.18,0.04,-0.30,-0.40,-0.32,-0.03,0.32,-0.19,0.07,0.00
20060807,-0.52,-0.06,-0.02,0.81,-0.51,-0.83,-0.24,-0.61,-1.25,-0.36
20060808,0.48,-0.89,-0.79,-0.14,-0.30,-0.43,-0.87,-0.28,0.58,-0.55
20060809,-0.41,-0.97,-0.98,0.56,0.52,-0.57,-1.27,-0.02,0.15,-1.12
20060810,0.59,0.64,0.51,-0.44,0.67,0.66,1.75,-0.01,-0.03,0.53
20060811,-0.07,-0.44,-0.72,-0.04,-0.85,0.12,-0.31,-0.57,-0.16,-0.52
20060814,0.23,0.42,-0.12,-1.65,1.01,-0.19,0.56,0.24,0.35,0.11
20060815,0.64,2.03,1.69,0.06,2.67,1.05,1.43,1.05,0.78,1.65
20060816,0.16,1.82,1.54,-0.68,1.97,0.06,0.96,0.91,-0.67,1.04
20060817,-0.31,0.25,-0.20,-0.35,0.53,0.34,0.52,0.25,-0.32,0.33
20060818,1.13,-0.39,0.01,1.35,0.53,0.20,-0.31,0.15,0.95,0.11
20060821,-0.04,-1.64,-0.49,0.69,-0.96,-0.08,-1.05,-0.42,0.02,-0.50
20060822,0.20,0.16,0.09,0.55,0.09,0.22,-0.28,0.14,0.73,-0.05
20060823,-0.11,-0.84,-0.60,-1.38,-0.66,-0.26,-0.78,-0.04,-1.06,-0.38
20060824,0.24,-0.43,-0.40,1.31,0.31,0.15,-0.68,0.47,0.39,0.16
20060825,0.00,-0.42,-0.14,0.36,0.19,0.35,-0.23,0.11,0.10,-0.34
20060828,0.49,0.78,0.51,-1.09,0.98,0.78,1.14,0.75,0.74,0.63
20060829,0.55,0.76,0.54,-0.72,0.82,0.50,0.64,0.56,0.18,0.09
20060830,0.22,0.40,0.13,-1.49,0.90,0.15,0.21,0.09,-0.65,0.24
20060831,-0.28,0.20,0.54,-0.55,-0.33,-0.01,0.22,-0.05,1.05,0.14
20060901,0.51,0.84,0.74,1.09,0.27,0.95,0.98,0.57,-0.03,0.26
20060905,-0.50,0.57,0.57,0.93,0.51,-0.01,0.60,-0.27,-0.67,0.16
20060906,-0.40,-0.88,-1.21,-2.84,-1.86,-0.76,-0.87,-0.84,-0.71,-0.67
20060907,-0.68,-0.26,-0.67,0.12,-0.66,-0.27,-0.09,-0.65,-0.13,-0.58
20060908,0.49,0.99,0.07,-2.06,0.91,0.16,1.23,0.63,0.01,0.41
20060911,-0.12,-0.06,-0.75,-3.12,0.80,0.48,1.19,0.09,-0.44,0.19
20060912,0.43,2.90,1.07,-0.55,1.83,1.16,2.01,1.06,-0.45,1.45
20060913,0.11,0.58,0.61,1.63,0.24,0.16,0.36,-0.14,0.25,0.63
20060914,0.10,-0.52,-0.32,-1.75,0.26,0.14,0.11,-0.04,-0.66,-0.05
20060915,0.16,-1.46,0.37,-0.20,0.25,-0.22,0.20,0.21,0.24,0.41
20060918,-0.13,-0.70,0.20,2.33,0.03,-0.55,-0.33,0.01,-0.32,-0.14
20060919,-0.07,-0.29,-0.37,-1.66,-0.69,0.12,0.36,0.00,0.10,-0.13
20060920,0.28,0.87,0.56,-2.25,1.68,1.39,0.97,0.64,-0.26,0.68
20060921,-0.25,-0.99,-0.66,1.37,-1.05,-0.08,-1.60,-0.38,-0.17,-0.66
20060922,-0.21,-0.30,-0.44,-0.60,-0.83,0.25,-0.09,-0.58,-0.20,-0.27
20060925,-0.62,1.15,0.97,0.06,1.54,1.44,0.83,0.47,1.11,1.00
20060926,0.22,1.71,1.22,2.19,0.66,0.30,0.43,0.17,0.18,0.77
20060927,0.48,-0.13,0.26,1.40,-0.27,-1.25,0.00,0.60,1.16,-0.17
20060928,-0.08,0.66,0.24,0.08,0.50,-0.41,0.28,-0.09,-0.24,0.22
20060929,-0.34,-0.46,-0.53,0.22,-0.52,0.64,-0.94,0.08,-0.87,-0.28
20061002,-0.41,0.24,-0.17,-1.08,-0.55,-0.76,-0.48,-0.58,0.58,-0.26
20061003,-0.27,0.09,-0.15,-3.24,0.10,0.94,1.25,0.19,0.04,0.64
20061004,1.00,1.40,1.33,1.63,1.87,0.88,1.56,0.83,0.56,1.23
20061005,0.51,0.62,1.22,1.43,0.23,-0.46,-0.15,0.23,-0.03,0.53
20061006,-0.28,-0.61,-0.18,0.22,-0.25,0.27,-0.97,-0.05,-0.55,-0.39
20061009,0.01,0.51,0.38,-1.08,0.40,0.45,0.55,0.18,-0.02,0.27
20061010,-0.43,0.49,0.33,1.58,0.04,0.33,0.26,-0.15,0.61,0.17
20061011,-0.12,-0.25,-0.35,-1.15,-0.05,-0.10,0.06,-0.24,0.17,-0.39
20061012,0.23,1.25,1.26,2.00,1.56,1.47,1.45,0.72,0.51,0.75
20061013,0.22,-0.18,0.13,1.36,0.77,0.20,-0.18,-0.17,0.01,0.07
20061016,0.24,0.73,1.00,2.18,0.30,-0.73,0.09,0.34,0.58,0.03
20061017,-0.52,-0.51,-0.70,-0.83,-0.90,-0.20,-0.69,0.26,0.42,-0.27
20061018,0.36,-0.19,-0.26,-0.48,-0.37,0.15,0.30,1.03,0.78,0.10
20061019,0.66,0.37,0.19,1.71,0.05,0.69,-0.33,-0.22,0.59,-0.25
20061020,0.18,-0.60,-0.87,-0.80,0.23,0.71,0.26,0.38,0.44,-0.04
20061023,0.87,1.03,0.68,0.09,0.63,0.47,1.63,0.15,0.37,0.46
20061024,-0.12,0.90,0.48,1.38,-0.64,0.06,0.04,-0.34,0.10,0.02
20061025,0.93,-0.19,0.05,1.60,0.60,0.05,-0.63,-0.08,0.86,0.30
20061026,0.20,0.76,0.46,-0.04,0.49,1.91,1.32,0.41,-0.20,0.79
20061027,-0.32,-1.10,-0.72,-0.58,-1.47,-0.26,-1.22,-0.47,-0.62,-0.93
20061030,-0.03,0.08,0.45,-1.44,0.77,-0.77,0.23,-0.43,-0.03,0.29
20061031,-0.11,0.05,-0.18,0.80,0.23,-0.16,-0.45,-0.29,0.08,-0.14
20061101,-0.38,-0.84,-0.72,-0.81,-1.05,-0.79,-1.43,-0.68,0.40,-0.94
20061102,-0.16,-0.17,-0.02,0.27,-0.05,0.39,-0.46,0.22,-0.54,-0.01
20061103,-0.46,-0.63,0.04,1.88,-0.18,-0.20,-1.03,-0.23,-0.25,-0.12
20061106,0.55,1.83,1.05,0.93,1.29,1.48,1.23,1.25,-0.31,1.40
20061107,-0.19,0.06,0.64,-0.86,0.37,0.33,0.39,0.60,-0.09,0.26
20061108,0.73,1.06,0.43,1.79,0.22,0.33,0.12,-0.88,1.01,0.26
20061109,-0.61,-0.52,-0.39,1.12,0.13,-1.07,-1.01,-2.28,0.12,-0.67
20061110,0.12,0.99,0.11,-0.79,0.48,-0.92,0.77,0.19,0.59,0.58
20061113,-0.09,0.92,0.48,0.04,0.78,0.12,-0.12,0.04,0.00,0.33
20061114,0.64,0.96,0.58,0.26,1.15,0.22,1.67,0.69,0.32,0.57
20061115,0.33,1.17,0.64,0.83,0.24,-0.59,0.44,0.52,-0.11,0.38
20061116,0.71,0.62,0.08,-2.70,0.45,0.27,0.22,0.53,0.07,0.50
20061117,0.25,-0.09,-0.02,0.94,-0.21,0.69,-0.68,0.66,0.14,-0.13
20061120,-0.19,-0.73,0.31,-0.46,0.16,0.10,-0.18,-0.29,-0.21,-0.01
20061121,-0.03,-0.52,0.48,1.71,0.05,-0.21,-0.05,-0.07,0.18,0.01
20061122,0.32,-0.17,0.40,-0.57,0.81,-0.33,0.44,0.21,0.17,0.31
20061124,-0.33,-0.31,-0.07,-0.42,-0.29,-0.07,-0.50,-0.54,0.17,-0.32
20061127,-1.08,-2.32,-1.78,-0.34,-2.44,-1.04,-1.67,-0.84,-0.97,-1.55
20061128,0.34,-0.09,0.18,1.89,0.36,0.40,0.04,0.21,0.76,0.07
20061129,0.93,0.85,1.12,2.87,0.62,1.18,0.95,0.83,1.46,0.63
20061130,0.09,-0.20,-0.01,0.85,0.14,0.39,-0.30,-0.02,0.15,0.09
20061201,-0.27,-0.25,-0.50,0.56,-0.89,0.06,-0.28,0.17,0.38,-0.37
20061204,1.07,1.13,1.34,0.02,1.43,0.83,1.51,-0.33,0.88,1.22
20061205,0.61,0.38,0.40,0.58,0.11,0.69,0.58,0.37,0.26,0.48
20061206,0.00,-1.24,0.04,-0.81,-0.43,0.28,0.18,0.15,-0.37,0.09
20061207,0.00,-0.70,-0.23,-0.50,-0.83,-0.16,-0.55,-0.35,-0.47,-0.26
20061208,0.05,0.35,0.12,-0.15,0.34,0.49,0.05,0.28,-0.24,0.15
20061211,-0.05,-0.46,-0.24,-0.07,0.21,0.95,0.08,0.00,0.38,0.43
20061212,0.23,-0.73,-0.65,0.09,-0.49,0.36,-0.70,-0.12,0.41,-0.02
20061213,-0.16,-0.29,-0.01,0.92,0.11,-0.01,0.45,-0.24,0.43,0.05
20061214,0.35,0.87,0.49,1.79,1.04,0.19,1.29,0.47,0.24,0.84
20061215,0.20,-1.13,0.07,-1.20,0.08,0.30,-0.44,0.24,-0.23,0.53
20061218,-0.22,-0.38,-0.58,-2.73,-0.76,-0.29,-0.28,-0.25,-0.88,0.20
20061219,0.22,0.17,0.47,1.60,-0.25,-0.19,-0.22,0.24,0.59,0.09
20061220,0.05,0.90,0.23,-1.23,0.04,-0.22,-0.21,-0.12,-0.40,0.02
20061221,-0.05,-0.23,-0.59,-0.53,-0.65,0.27,-0.33,-0.25,-0.37,-0.32
20061222,-0.26,-0.23,-0.51,-0.79,-0.75,-0.57,0.06,-0.49,-0.10,-0.43
20061226,0.35,0.58,0.66,0.24,0.57,0.56,0.15,0.10,0.51,0.60
20061227,0.47,1.48,0.82,1.12,0.77,0.74,0.66,0.57,0.42,0.79
20061228,0.09,-0.58,-0.22,0.21,-0.24,0.13,-0.25,0.05,-0.38,-0.29
20061229,-0.64,-0.40,-0.56,-0.96,-0.31,-0.01,-0.30,-0.36,-0.32,-0.61
20070103,0.31,-0.29,-0.14,-3.74,0.28,0.14,0.65,0.24,0.31,0.33
20070104,0.16,0.19,-0.37,-1.86,1.52,0.08,0.31,1.25,-0.23,-0.11
20070105,-0.61,-0.72,-0.79,0.84,-0.72,-1.15,-0.87,-0.53,-1.69,-0.86
20070108,0.38,0.43,0.44,0.15,0.28,0.46,-0.04,0.09,-0.02,0.35
20070109,0.16,0.86,0.05,-1.11,0.41,-0.76,0.55,0.15,0.21,-0.08
20070110,0.54,0.27,0.44,-1.60,0.56,0.55,0.43,0.06,0.09,0.36
20070111,0.72,1.56,0.90,-0.70,0.97,0.64,1.32,1.10,0.08,0.73
20070112,-0.37,0.24,0.71,2.72,0.51,0.64,0.53,0.38,-0.49,0.32
20070116,0.42,0.20,-0.04,-1.25,-0.28,-0.02,0.24,0.30,0.19,0.25
20070117,-0.18,0.07,0.34,1.16,-1.01,-0.30,0.02,0.43,0.08,-0.27
20070118,-0.26,-0.56,-0.60,-0.69,-1.73,0.99,0.18,0.41,-0.26,-0.43
20070119,-0.03,1.03,0.74,2.39,0.16,-0.32,0.14,0.26,0.60,0.09
20070122,-0.21,-0.51,-0.92,-0.65,-0.87,-0.13,-0.77,-0.63,-0.04,-0.31
20070123,0.33,0.22,1.13,2.39,0.01,0.53,0.18,-0.48,0.56,0.18
20070124,0.33,0.96,0.45,0.54,1.67,1.16,0.81,0.87,0.67,0.72
20070125,-0.72,-1.04,-0.96,-1.99,-1.03,-1.16,-1.15,-0.82,-0.69,-1.28
20070126,0.00,0.09,0.03,0.40,0.18,-0.15,-0.33,-0.51,0.22,-0.08
20070129,0.25,0.07,0.12,-0.32,0.17,0.27,0.16,0.01,-0.02,-0.07
20070130,0.02,-0.19,0.49,2.09,0.45,0.73,0.18,0.46,0.62,0.44
20070131,0.29,0.05,1.15,0.17,0.53,0.59,1.07,0.42,0.31,0.79
20070201,0.63,1.21,1.11,1.19,-0.12,-0.61,0.73,0.71,0.88,0.73
20070202,-0.16,0.65,-0.05,0.17,0.37,0.40,0.09,-0.12,0.41,0.20
20070205,-0.31,-0.10,-0.23,-0.20,-0.07,-0.17,-0.10,-0.07,0.88,-0.12
20070206,-0.10,0.81,0.58,-0.40,-0.19,-0.15,0.38,-0.16,0.50,0.26
20070207,0.00,0.35,0.10,-0.58,0.77,0.35,0.23,0.01,0.09,0.28
20070208,-0.50,-0.24,-0.07,0.98,0.11,-0.28,-0.05,0.02,0.47,-0.38
20070209,-0.10,0.02,-0.50,-0.38,-1.11,-1.26,-0.66,-0.47,0.00,-0.94
20070212,0.14,-0.48,-0.06,-1.25,-0.43,-0.86,-0.23,-0.35,-0.11,-0.19
20070213,0.67,0.41,1.20,1.21,0.32,1.22,0.75,0.22,0.68,0.84
20070214,0.28,0.91,0.90,0.28,1.23,0.63,0.42,0.56,0.35,0.85
20070215,0.42,0.42,0.38,-0.74,0.43,0.05,0.61,0.07,-0.54,0.00
20070216,0.39,0.14,0.05,0.07,-0.24,0.41,-0.06,-0.26,0.03,0.07
20070220,0.19,0.66,0.52,-0.67,0.59,0.20,1.18,0.17,0.48,0.51
20070221,-0.23,0.12,0.34,0.63,-0.10,-0.05,-0.11,-0.40,-0.27,-0.19
20070222,-0.39,-0.29,-0.27,0.85,0.38,-0.11,-0.31,-0.36,0.19,-0.13
20070223,-0.11,-0.26,0.12,0.30,-0.29,-0.33,-0.22,-0.25,0.77,-0.74
20070226,-0.06,-0.62,-0.22,0.47,-0.45,0.12,-0.32,0.30,2.03,-0.61
20070227,-2.94,-4.05,-3.72,-3.96,-3.87,-3.98,-3.36,-2.67,-2.71,-3.24
20070228,0.74,0.04,0.61,0.01,0.37,1.73,0.42,0.23,0.02,0.55
20070301,-0.08,-0.41,-0.11,-0.36,-0.28,0.08,-0.56,-0.82,0.41,-0.07
20070302,-1.23,-1.69,-1.43,-1.62,-1.56,-0.92,-1.02,-1.04,-1.47,-0.97
20070305,-0.68,-1.05,-0.88,-0.80,-0.64,-1.32,-1.24,-0.61,-1.39,-1.49
20070306,1.59,1.49,1.43,1.77,1.86,1.48,1.37,1.06,1.33,1.75
20070307,-0.14,0.02,-0.05,1.34,-0.54,-0.70,0.13,-0.21,0.13,-0.43
20070308,0.96,1.06,0.91,0.23,0.45,1.22,0.89,0.46,0.28,0.74
20070309,0.48,0.09,0.36,-0.27,0.04,0.13,-0.02,0.30,0.12,0.04
20070312,0.36,-0.26,0.59,-0.34,0.81,0.54,0.22,0.10,0.94,0.06
20070313,-1.82,-2.20,-2.01,-1.31,-1.97,-1.33,-2.07,-1.50,-1.34,-2.56
20070314,0.37,0.35,0.61,1.42,1.13,0.37,0.05,0.18,0.66,0.50
20070315,0.60,0.33,0.64,-0.31,0.08,-0.11,0.71,0.02,1.08,0.85
20070316,-0.40,-0.46,-0.45,-1.04,-0.11,-0.34,-0.09,-0.27,-0.56,-0.52
20070319,0.78,1.53,1.14,1.79,0.78,1.30,1.10,1.00,1.07,1.13
20070320,0.74,0.54,0.50,1.00,0.52,0.68,0.85,0.64,1.35,0.67
20070321,0.93,1.40,1.35,1.62,1.90,1.86,1.42,1.19,1.21,2.02
20070322,0.12,-0.02,0.04,1.79,-0.41,0.27,-0.05,0.11,0.13,-0.34
20070323,-0.05,0.20,0.32,0.67,-0.13,-0.53,0.47,-0.51,0.28,0.20
20070326,-0.19,-0.07,-0.01,0.78,0.40,-0.18,-0.01,0.19,0.47,-0.17
20070327,-0.60,-1.24,-0.75,0.02,-0.57,-0.25,-0.69,-0.65,-0.14,-0.77
20070328,0.10,-0.78,-0.76,-0.18,-0.83,-1.05,-0.93,-0.51,0.03,-0.98
20070329,0.49,0.15,0.36,0.78,-0.13,0.71,0.09,0.54,0.32,0.28
20070330,0.38,0.00,-0.10,-1.13,0.15,0.45,0.26,0.13,-0.62,-0.11
20070402,0.66,0.61,0.15,0.98,0.37,0.14,0.42,0.39,1.74,-0.22
20070403,0.96,0.90,0.81,0.40,1.07,0.86,1.16,1.06,0.10,1.17
20070404,0.54,0.12,0.12,0.61,0.53,-0.20,-0.15,0.45,-0.28,-0.17
20070405,0.21,0.81,0.08,0.33,0.43,0.65,0.43,0.71,0.30,0.19
20070409,-0.23,0.11,0.36,-0.06,-0.10,-0.11,0.25,0.06,0.73,0.01
20070410,0.29,0.21,-0.06,1.27,0.16,0.24,-0.07,0.21,0.45,0.19
20070411,-0.52,-1.03,-0.72,-0.64,-0.82,-0.55,-0.79,-0.07,-0.48,-0.65
20070412,0.66,0.50,0.86,1.36,0.82,0.62,0.43,0.98,-0.22,0.37
20070413,0.04,0.18,0.13,0.06,0.29,0.45,0.06,1.28,-0.01,0.40
20070416,0.53,1.29,0.95,0.62,0.87,0.67,1.14,0.88,0.66,1.62
20070417,0.67,-0.53,0.02,-0.40,0.20,-0.04,0.35,0.36,0.46,0.02
20070418,0.04,-0.28,-0.07,-0.47,-0.28,-0.27,-0.31,-0.37,0.16,0.61
20070419,-0.35,0.20,-0.15,-1.08,-0.14,-0.07,0.02,0.64,-0.51,-0.37
20070420,0.86,1.04,1.06,2.13,0.77,0.89,1.14,0.57,0.88,0.68
20070423,-0.20,0.07,0.17,-0.11,-0.24,-0.58,-0.31,-0.14,0.64,-0.41
20070424,0.16,1.57,0.08,-0.51,0.54,-0.31,-0.22,-0.23,0.50,-0.33
20070425,0.46,0.71,0.99,1.88,0.92,0.67,0.83,0.68,0.80,1.00
20070426,-0.43,1.55,0.11,0.11,0.19,-0.37,-0.01,0.22,-0.61,-0.05
20070427,-0.18,-0.44,0.31,-0.23,0.29,-0.54,-0.60,-0.40,-0.49,0.00
20070430,-0.61,-1.50,-0.85,-1.15,-1.08,-0.42,-1.45,-0.67,-0.92,-0.78
20070501,0.13,0.26,-0.09,0.42,0.34,0.36,0.24,0.53,0.91,0.12
20070502,0.48,1.90,0.97,0.77,0.76,1.47,0.73,0.48,0.62,0.82
20070503,0.23,-0.81,0.22,0.92,0.59,0.80,-0.07,0.15,-0.17,0.51
20070504,0.10,0.45,0.23,-0.09,0.32,0.09,0.02,0.46,0.20,0.36
20070507,0.13,-0.46,0.47,0.12,0.02,0.29,0.13,0.27,0.72,0.21
20070508,-0.42,0.24,-0.13,0.22,0.38,-0.20,-0.45,-0.33,-0.50,-0.15
20070509,0.17,0.74,0.74,0.01,0.17,0.11,0.79,0.12,0.20,0.45
20070510,-1.13,-1.45,-1.39,-1.89,-1.19,-1.25,-1.07,-2.10,-1.15,-1.34
20070511,0.55,1.19,1.02,2.20,1.20,1.50,0.13,0.65,0.79,0.85
20070514,-0.03,0.33,-0.05,0.35,-0.56,0.15,-0.29,-0.03,0.36,-0.60
20070515,0.35,-0.23,0.01,-0.19,-0.72,0.26,-0.57,-0.41,0.08,-0.22
20070516,0.90,0.13,0.58,0.43,0.99,1.05,0.64,0.80,0.45,1.02
20070517,-0.31,-0.28,0.08,1.18,-0.26,-0.35,0.08,-0.52,-0.30,-0.19
20070518,0.66,0.97,0.44,1.71,0.67,0.78,1.04,0.56,0.61,0.46
20070521,0.04,0.72,0.30,0.83,0.56,0.58,-0.10,0.29,0.43,0.21
20070522,0.24,0.13,-0.18,-0.74,0.27,-0.14,-0.15,0.18,-0.29,0.39
20070523,-0.20,0.18,-0.10,0.10,-0.78,0.35,-0.11,0.12,-1.16,-0.01
20070524,-0.61,-1.51,-1.02,-1.48,-1.69,-0.80,-0.41,-0.49,-2.58,-0.87
20070525,0.47,0.38,0.88,1.54,0.97,0.65,0.37,0.10,-0.08,0.27
20070529,0.43,-0.10,0.33,-0.76,0.63,0.07,0.28,0.08,0.70,0.29
20070530,0.67,0.44,1.07,1.96,0.81,1.42,0.52,-0.10,1.23,0.61
20070531,0.01,-0.03,0.35,-0.58,0.42,-0.06,0.61,0.36,0.19,-0.03
20070601,0.67,0.43,0.54,1.23,0.22,-0.49,1.21,0.20,-0.27,0.46
20070604,-0.10,0.37,0.11,1.10,0.29,0.31,0.60,-0.10,-0.11,0.03
20070605,-0.88,-0.29,-0.23,-0.29,-0.22,-0.73,-0.89,-0.45,-1.36,-0.61
20070606,-0.53,-1.09,-1.10,-1.25,-0.90,-0.68,-0.68,-0.94,-1.33,-0.82
20070607,-1.45,-1.96,-1.82,-1.96,-1.69,-1.71,-1.57,-1.75,-3.31,-1.59
20070608,0.77,1.40,1.36,0.72,1.49,1.04,1.07,0.71,0.96,1.09
20070611,0.07,0.27,-0.19,0.52,-0.18,0.00,-0.36,0.07,0.90,0.27
20070612,-0.77,-0.92,-1.02,-1.02,-0.89,-1.34,-1.11,-0.92,-1.39,-1.10
20070613,1.20,1.65,1.79,1.66,1.30,1.29,1.13,0.96,1.92,1.39
20070614,0.16,0.93,0.74,1.81,0.74,0.91,0.18,0.22,0.49,0.15
20070615,0.41,1.07,0.70,1.30,0.89,0.30,0.33,0.82,1.43,0.51
20070618,0.05,-0.34,-0.21,0.32,0.18,-0.19,-0.19,-0.50,-0.87,-0.10
20070619,-0.37,0.12,0.27,-0.41,0.01,0.65,-0.31,0.11,0.14,0.52
20070620,-1.12,-0.42,-0.97,-3.03,-0.96,-1.22,-0.40,-1.40,-2.44,-1.24
20070621,0.74,0.64,0.59,1.93,1.01,0.23,0.13,0.28,0.82,0.21
20070622,-0.93,-0.46,-0.84,-1.41,-1.20,-1.12,-1.03,-1.59,-1.84,-1.38
20070625,-0.19,-0.66,-0.57,-0.58,-0.29,-0.19,-0.25,-0.22,0.27,-0.45
20070626,0.28,-0.38,-0.56,-1.63,-0.15,-0.14,-0.43,0.53,-0.38,-0.32
20070627,0.88,1.29,0.69,1.48,1.20,0.60,1.00,0.80,1.45,0.70
20070628,0.10,0.62,0.01,-0.09,0.09,0.38,-0.14,0.10,-0.15,0.05
20070629,0.00,-0.31,0.10,0.66,-0.34,0.37,-0.23,-0.31,0.27,-0.51
20070702,0.81,1.61,1.54,1.24,0.85,1.42,0.70,0.88,1.89,1.02
20070703,-0.12,0.06,0.17,0.73,0.71,0.21,0.02,0.19,0.01,0.54
20070705,0.14,-0.76,0.34,-0.05,0.59,-0.22,0.07,0.09,-0.27,-0.09
20070706,0.29,0.33,0.45,1.05,0.35,0.33,0.97,-0.11,-0.38,0.43
20070709,0.04,1.21,0.46,1.32,0.07,-0.20,-0.29,-0.05,0.34,-0.13
20070710,-1.31,-1.30,-1.31,-0.68,-0.86,-1.80,-1.92,-1.06,-1.32,-1.88
20070711,0.29,-0.16,0.86,0.61,0.50,0.73,0.41,0.73,0.50,0.54
20070712,1.29,1.33,2.10,2.07,2.05,1.07,1.97,1.35,1.56,1.85
20070713,0.43,0.24,0.36,0.90,-0.05,0.17,0.32,-0.03,1.13,0.28
20070716,-0.26,-0.24,-0.03,-1.48,0.03,0.28,-0.56,-0.11,-1.47,-0.19
20070717,-0.47,-0.21,0.53,-0.86,0.69,-0.07,-0.43,-0.51,-0.11,0.22
20070718,-0.45,0.25,-0.16,2.05,-0.70,-0.09,-0.19,-0.48,0.74,-0.67
20070719,0.28,-0.07,0.76,0.65,1.20,0.39,0.46,-0.02,1.81,-0.06
20070720,-1.19,-1.80,-1.52,-0.94,-1.04,-1.05,-1.17,-0.80,-1.48,-1.46
20070723,0.57,0.64,0.49,0.35,0.30,1.13,-0.12,0.85,0.44,0.17
20070724,-1.61,-1.90,-1.69,-3.25,-1.61,-1.17,-1.67,-1.36,-3.42,-2.38
20070725,0.36,-1.69,-0.01,1.40,0.12,0.16,-0.02,0.45,0.22,0.42
20070726,-2.00,-2.83,-2.29,-3.76,-1.53,-2.82,-2.53,-1.82,-2.85,-2.41
20070727,-1.49,-1.53,-1.31,-2.35,-1.64,-1.40,-1.35,-1.80,-1.74,-1.15
20070730,0.65,2.02,1.47,1.11,0.71,0.94,0.94,0.52,1.02,0.99
20070731,-0.42,-1.01,-1.12,-0.95,-1.71,-1.05,-1.00,-0.96,-0.20,-1.35
20070801,0.92,0.70,0.59,0.17,0.95,0.34,0.50,0.71,2.42,0.06
20070802,0.35,0.30,0.49,-0.65,0.99,0.65,1.02,0.69,0.79,0.53
20070803,-1.37,-3.42,-2.18,-3.56,-2.35,-2.38,-2.83,-1.41,-3.51,-3.24
20070806,2.51,1.06,1.37,0.94,1.27,0.77,2.21,2.12,3.06,3.22
20070807,0.67,0.50,0.20,2.05,0.02,0.11,0.56,0.39,1.92,0.89
20070808,0.73,2.13,0.62,1.95,1.86,0.14,1.45,1.52,1.05,1.92
20070809,-2.21,-2.45,-2.68,-3.26,-2.30,-2.78,-3.03,-1.94,-2.52,-3.12
20070810,-0.27,0.23,0.70,1.32,-0.05,-0.06,0.24,-0.73,-0.46,-0.10
20070813,-0.01,0.12,0.15,-0.79,0.33,0.98,0.06,0.00,0.06,-0.41
20070814,-1.31,-2.25,-1.93,-0.69,-1.61,-2.08,-2.94,-0.92,-1.84,-2.16
20070815,-0.96,-2.28,-2.11,-2.03,-1.76,-1.20,-1.35,-0.46,-1.54,-1.29
20070816,0.03,-1.23,-0.64,-0.83,-0.69,-0.54,0.63,-0.27,-0.11,2.10
20070817,1.46,1.84,2.38,3.51,1.94,1.94,1.69,1.04,2.43,3.21
20070820,-0.13,1.14,1.00,0.12,0.09,-0.41,0.35,0.03,-0.14,-0.40
20070821,-0.14,0.33,-0.16,-1.45,0.36,0.56,0.77,0.01,0.36,0.45
20070822,1.10,1.76,1.84,0.97,1.17,1.60,1.16,0.95,1.12,1.13
20070823,-0.15,-1.57,-0.57,0.37,-0.03,0.38,-0.76,0.15,0.22,-0.46
20070824,0.93,1.28,1.65,2.11,1.53,1.22,1.51,0.69,0.91,0.86
20070827,-0.20,-0.94,-0.54,-0.74,-0.63,-0.09,-0.73,-0.61,-2.88,-1.16
20070828,-1.87,-2.94,-2.58,-2.57,-2.20,-2.57,-1.96,-1.36,-1.44,-2.73
20070829,1.34,3.16,2.22,2.87,2.66,2.60,2.61,1.23,2.55,1.79
20070830,-0.22,-0.31,-0.21,-0.07,0.32,-0.77,-0.81,-0.16,-0.82,-0.87
20070831,0.74,1.36,1.33,0.87,1.21,0.94,1.47,0.76,0.56,1.32
20070904,0.74,1.42,0.69,2.01,1.39,1.12,-0.30,0.93,1.85,1.06
20070905,-0.94,-1.42,-0.92,-0.06,-0.81,-1.31,-1.49,-0.34,-1.09,-1.50
20070906,0.53,0.01,0.68,0.83,0.30,0.22,0.10,0.82,1.07,0.22
20070907,-1.03,-3.29,-2.14,-1.62,-1.90,-1.98,-1.93,-1.31,-1.49,-1.49
20070910,-0.09,-1.03,-0.45,-0.81,-0.02,-0.34,-0.52,-0.03,0.08,-0.20
20070911,1.29,1.38,1.31,1.85,1.49,1.19,1.74,1.04,1.12,1.26
20070912,0.37,0.26,-0.08,1.05,-0.46,-0.41,-0.44,0.29,0.36,-0.09
20070913,0.16,1.43,0.45,0.84,0.12,0.98,1.42,0.29,0.18,1.14
20070914,0.10,0.69,0.51,0.32,-0.16,-0.31,0.44,-0.08,0.38,0.07
20070917,-0.50,-0.20,-0.41,0.04,-0.56,-0.56,-0.77,-0.92,-0.60,-0.71
20070918,1.93,3.02,3.10,2.90,2.18,2.21,3.47,1.86,2.10,3.84
20070919,0.87,0.89,0.80,0.56,0.48,0.61,0.17,0.95,1.35,0.44
20070920,-0.62,-1.17,-0.20,0.01,0.01,-0.39,-1.26,-0.46,-0.89,-1.23
20070921,0.18,-0.47,0.79,0.63,0.71,0.76,-0.18,0.58,0.38,0.26
20070924,-0.43,-1.00,-0.54,-0.66,0.06,-0.73,-0.45,-0.30,-0.13,-1.00
20070925,-0.06,-1.11,0.33,-0.93,1.01,0.45,-1.27,-0.09,-0.24,-0.12
20070926,0.86,2.47,1.00,0.33,0.29,0.75,0.75,0.68,0.73,0.51
20070927,0.61,0.08,0.70,0.78,0.24,0.13,0.16,0.17,-0.42,0.72
20070928,0.00,-0.08,-0.20,-0.39,-0.21,-0.26,-0.14,-0.55,-1.24,-0.46
20071001,0.88,0.90,1.34,1.27,1.41,0.78,0.43,1.33,1.55,1.88
20071002,-0.01,1.11,-0.35,-1.13,0.12,-0.12,0.86,-0.22,-0.14,0.66
20071003,-0.44,0.18,-1.02,-1.00,-0.81,-0.51,0.37,0.39,-0.05,-0.48
20071004,0.02,-0.76,0.36,0.43,0.04,0.62,-0.43,0.36,0.77,0.17
20071005,0.60,1.99,1.09,0.59,1.27,0.61,1.79,0.81,0.65,1.32
20071008,-0.25,-0.54,-0.34,-0.69,0.66,-0.67,-0.32,-0.46,-0.36,-0.44
20071009,0.26,0.47,1.09,1.95,0.64,0.53,0.04,0.37,1.36,0.85
20071010,0.02,-1.09,-0.34,0.70,0.26,-0.39,0.24,-0.13,-0.61,-0.47
20071011,-0.82,0.20,-0.56,-0.34,-1.30,-0.41,-0.49,-0.49,0.37,-0.36
20071012,0.56,1.39,0.79,0.68,1.12,0.68,0.21,0.36,0.39,0.10
20071015,-0.64,-1.87,-0.74,1.04,-0.71,-0.92,-1.27,-0.83,-1.00,-1.46
20071016,0.08,-1.00,-0.61,0.29,-0.35,-0.22,-0.81,-0.89,-0.34,-1.30
20071017,0.37,-0.53,-0.11,-0.36,1.24,0.23,-0.12,-0.10,-0.15,0.18
20071018,0.02,0.64,0.49,0.43,0.26,-0.41,-0.39,0.29,0.05,-0.73
20071019,-1.68,-3.70,-2.87,-3.49,-2.59,-1.72,-2.08,-1.26,-2.33,-2.59
20071022,0.61,0.19,0.44,-1.13,0.97,0.31,1.02,-0.18,0.54,0.79
20071023,0.44,1.05,1.03,0.62,1.38,0.55,0.03,1.19,0.08,0.88
20071024,0.01,0.96,0.30,0.78,-1.04,-0.37,-0.42,-0.29,0.52,-0.63
20071025,0.47,-1.22,-0.27,0.86,-0.44,-1.97,0.37,-0.11,1.74,-0.45
20071026,0.87,0.77,0.58,1.37,2.14,1.15,1.13,0.52,1.48,1.79
20071029,0.43,0.83,0.58,0.80,0.48,0.36,0.46,0.28,0.64,0.16
20071030,-0.48,-0.32,-1.23,-2.72,0.28,-1.17,-0.04,-0.19,-0.13,-0.57
20071031,0.90,1.47,1.41,2.01,1.72,0.92,0.63,0.69,1.57,1.09
20071101,-2.31,-3.17,-2.56,-2.90,-1.78,-2.46,-2.72,-1.77,-2.00,-3.56
20071102,0.02,0.96,0.89,0.69,0.69,0.16,-0.13,0.02,0.79,-0.82
20071105,-0.27,-1.17,-0.37,-0.42,-0.30,-0.70,-1.18,-0.29,0.76,-1.04
20071106,0.88,0.85,1.57,2.78,1.06,0.64,0.79,0.43,0.15,1.36
20071107,-1.60,-3.76,-2.35,-2.88,-2.53,-2.44,-1.90,-2.03,-2.31,-3.79
20071108,1.17,0.37,0.53,1.54,-3.13,-0.05,0.26,0.40,1.65,0.55
20071109,-0.67,-2.57,-1.58,-2.07,-2.98,-1.72,-2.25,-0.54,-1.10,-0.42
20071112,-1.03,-0.99,-1.87,-3.60,-1.48,-1.70,0.58,0.18,-1.60,-0.32
20071113,1.91,2.60,2.04,2.23,3.65,2.70,3.27,1.34,0.81,3.71
20071114,-0.22,-1.26,-0.12,-0.34,-1.30,-1.40,-1.06,-0.10,-0.18,-0.49
20071115,-0.69,-1.76,-1.24,-2.24,-0.73,-0.09,-0.58,-0.31,0.09,-2.26
20071116,0.72,-1.16,0.08,1.52,1.08,0.79,0.10,0.42,0.43,-0.22
20071119,-0.91,-2.82,-1.88,-1.37,-1.55,-2.41,-2.06,-1.03,0.00,-2.51
20071120,0.68,-0.26,0.74,2.98,0.25,-0.09,0.09,0.19,1.19,-0.55
20071121,-1.22,-0.54,-1.21,-1.68,-1.36,-1.51,-1.12,-1.61,-1.07,-1.95
20071123,1.11,1.58,1.65,1.59,1.24,1.13,1.84,1.44,0.30,2.24
20071126,-1.30,-1.22,-1.36,-2.71,-2.18,-2.40,-1.96,-1.19,-0.71,-2.79
20071127,1.77,0.87,1.07,-0.41,1.42,0.86,1.14,2.14,0.59,1.84
20071128,1.98,3.55,3.10,1.70,3.03,2.54,3.01,1.88,1.34,3.97
20071129,0.14,-0.31,0.14,0.92,0.25,0.81,-0.51,0.32,-0.14,-0.55
20071130,0.82,1.18,0.30,0.65,-0.80,1.20,0.84,0.30,0.40,1.89
20071203,-0.34,-1.97,-0.27,0.13,-0.89,0.08,-0.31,-0.91,0.68,-1.02
20071204,-0.11,-1.00,-0.57,-0.83,-0.31,-0.75,0.33,-0.39,0.79,-1.31
20071205,0.78,2.29,1.42,1.98,2.37,-0.21,0.72,0.89,1.50,1.69
20071206,0.81,2.62,1.66,2.47,1.40,0.85,1.01,0.63,0.17,2.29
20071207,-0.10,0.09,0.26,-0.06,-0.02,0.13,0.45,-0.15,0.07,-0.36
20071210,0.64,0.87,0.82,0.63,0.61,-0.40,0.45,0.21,0.13,1.33
20071211,-1.89,-3.72,-2.79,-1.98,-2.02,-0.59,-2.47,-1.49,-2.10,-3.66
20071212,0.79,0.46,0.90,2.42,0.98,1.54,-0.30,0.12,0.34,-0.52
20071213,0.31,-0.45,0.60,0.63,0.13,0.03,-0.51,-0.26,1.00,-0.25
20071214,-1.02,-1.96,-1.26,-1.44,-1.14,-0.89,-1.73,-1.10,-1.60,-1.62
20071217,-1.31,-1.22,-1.96,-1.72,-2.17,-1.65,-0.81,-1.25,-1.18,-1.35
20071218,0.16,1.01,0.34,1.59,0.63,0.75,1.16,0.65,1.33,0.39
20071219,0.44,-0.07,-0.14,0.48,0.25,-0.84,-0.81,-0.32,-0.28,-0.13
20071220,0.51,1.60,1.24,1.03,1.68,0.80,-0.08,0.43,0.35,-0.07
20071221,1.25,2.27,1.78,2.08,1.62,1.80,1.38,1.09,0.99,1.92
20071224,0.57,0.24,0.82,0.55,0.84,0.55,1.15,0.18,0.06,1.26
20071226,-0.20,0.44,0.22,1.02,0.31,0.60,-0.69,-0.12,-0.37,-0.06
20071227,-1.37,-2.21,-1.28,-1.06,-1.66,-1.21,-1.24,-1.25,-0.77,-1.88
20071228,-0.05,-0.19,0.22,0.96,0.05,0.21,0.17,-0.01,0.61,-0.11
20071231,-0.83,-1.01,-0.88,-1.23,-1.07,-0.97,-0.50,-0.91,-0.76,0.12
20080102,-1.23,-2.13,-1.56,0.51,-1.93,-1.53,-1.80,-0.62,-1.10,-2.05
20080103,0.60,-0.91,0.38,0.36,-0.18,-0.13,-1.78,0.32,0.19,-0.39
20080104,-1.10,-3.63,-2.49,-2.42,-4.14,-1.99,-2.52,-1.17,-0.22,-2.80
20080107,1.97,0.17,-0.88,-1.01,-0.90,0.59,1.05,1.83,1.79,0.21
20080108,-0.11,-2.63,-1.96,-1.53,-2.59,-2.65,-1.94,0.92,-0.14,-2.78
20080109,1.05,0.28,0.46,1.37,1.75,-0.14,0.78,1.61,1.30,1.07
20080110,0.70,1.30,0.87,-0.38,0.45,1.39,1.40,0.30,-0.29,1.90
20080111,-1.78,-2.61,-1.87,-1.25,-2.03,-1.88,-2.75,0.20,-0.72,-1.03
20080114,0.19,0.56,1.81,1.49,2.30,0.98,0.41,-0.43,0.37,0.84
20080115,-1.70,-3.29,-2.67,-3.01,-2.29,-1.85,-1.90,-1.53,-1.40,-2.89
20080116,-0.95,0.22,-1.15,-3.14,-1.79,0.33,1.59,0.54,-1.32,0.68
20080117,-2.34,-2.82,-3.52,-3.82,-1.80,-2.39,-0.96,-1.77,-3.57,-3.63
20080118,-0.87,0.35,-0.10,0.74,0.15,-3.18,0.18,-1.67,-1.40,-0.66
20080122,-1.69,0.74,-0.77,-2.60,-2.76,-1.50,2.42,-2.52,-3.14,0.86
20080123,1.11,5.46,1.80,0.23,0.06,1.42,3.12,-0.04,2.85,4.59
20080124,0.92,-0.45,1.28,3.28,2.69,0.42,-0.79,-0.08,-2.19,0.78
20080125,-1.41,-0.63,-0.05,-1.24,-1.39,-1.25,-1.97,-1.70,-1.48,-1.76
20080128,1.97,2.37,1.42,1.81,0.41,2.33,1.49,1.40,1.38,2.69
20080129,-0.28,0.47,0.51,0.83,0.17,1.97,1.03,0.18,0.44,1.24
20080130,-0.85,-0.43,-0.44,0.03,-0.16,-0.98,-0.62,-1.14,-0.20,-0.76
20080131,0.64,2.82,1.47,0.53,1.17,2.24,3.44,0.80,1.93,2.27
20080201,1.42,1.73,1.96,0.85,1.05,1.24,1.22,1.61,1.49,1.82
20080204,-0.77,-2.26,-0.36,-0.04,-1.34,-0.49,-1.96,0.52,1.51,-2.07
20080205,-2.56,-2.95,-2.68,-3.81,-2.92,-3.77,-2.58,-1.99,-3.31,-3.31
20080206,-0.30,-1.53,-0.67,-1.60,-1.34,-0.27,-1.31,-0.07,-0.13,-0.77
20080207,1.49,1.38,0.53,1.39,-0.05,0.41,2.39,0.21,-0.28,1.07
20080208,-0.31,-1.39,-0.08,1.39,1.08,-0.51,-0.70,-1.03,-0.15,-1.28
20080211,0.80,1.94,1.34,2.29,1.02,0.70,1.53,0.06,0.83,-0.79
20080212,0.90,0.79,0.82,0.12,-0.06,1.57,0.18,1.11,0.83,0.78
20080213,0.26,1.45,1.81,2.10,2.46,2.60,0.95,1.07,0.33,0.99
20080214,-0.73,-2.25,-1.13,0.09,-1.91,-0.77,-2.27,-1.27,-0.92,-1.67
20080215,0.70,-0.46,-0.53,-0.35,-0.53,0.87,-0.37,0.11,0.24,0.34
20080219,0.03,-0.11,0.72,2.52,-0.86,-2.74,-0.25,0.28,0.23,-0.37
20080220,0.30,0.58,0.82,1.65,1.45,-1.41,1.25,-0.25,0.24,1.17
20080221,-0.59,-1.58,-1.36,-2.09,-0.99,-0.97,-1.35,-1.11,-1.62,-1.27
20080222,0.45,0.98,0.69,0.78,0.11,1.81,0.93,0.03,0.96,0.71
20080225,1.17,1.88,1.98,2.66,0.93,1.16,1.28,2.08,0.72,1.20
20080226,0.52,1.11,0.61,1.35,0.99,0.47,1.38,0.43,0.84,0.39
20080227,-0.15,-0.01,-0.29,-0.77,0.62,-0.59,-0.35,-0.86,-1.58,0.47
20080228,-0.72,-1.52,-0.49,1.37,-0.84,-0.01,-1.85,-0.62,-0.36,-2.16
20080229,-1.93,-3.66,-2.77,-2.86,-2.34,-2.95,-2.65,-1.15,-2.79,-3.25
20080303,0.48,0.76,0.39,0.99,-0.52,0.18,0.31,0.22,1.03,-0.81
20080304,-0.28,-0.57,-0.79,-1.48,0.12,-0.71,0.13,0.10,1.00,-0.40
20080305,0.91,-0.53,1.24,1.55,0.78,0.77,0.02,-0.19,0.32,0.13
20080306,-1.54,-2.21,-1.41,-2.54,-1.90,-1.69,-2.48,-2.00,-2.07,-3.05
20080307,-0.84,-1.36,-2.03,-2.03,-0.15,-0.54,-0.65,-0.96,-0.38,-0.47
20080310,-0.74,-2.31,-2.20,-1.03,-1.24,-1.93,-1.37,-1.61,-0.68,-2.37
20080311,2.07,4.47,3.60,4.53,3.43,2.54,3.00,1.86,2.85,4.65
20080312,-0.40,-0.89,-0.07,-1.49,-0.39,-1.12,-0.51,-0.11,-1.18,-1.29
20080313,-0.05,0.46,1.20,1.52,0.40,-0.05,0.60,0.44,0.37,0.72
20080314,-1.70,-2.18,-1.43,-1.63,-2.11,-1.83,-1.55,-1.87,-1.08,-2.93
20080317,-0.85,-2.54,-1.30,-2.58,-0.75,0.13,-0.94,-0.35,-0.58,-1.46
20080318,2.79,4.72,3.53,3.60,4.02,3.33,3.72,2.49,2.06,6.03
20080319,-1.23,-2.05,-3.28,-5.45,-2.66,-1.78,-0.97,-0.55,-2.46,-1.96
20080320,1.09,2.62,0.59,0.52,1.66,1.83,3.52,1.00,0.42,4.84
20080324,1.48,2.75,2.14,1.43,2.66,2.83,2.34,0.92,-0.08,1.23
20080325,1.22,0.28,0.98,0.60,0.50,0.19,-0.40,0.21,0.17,0.07
20080326,-0.57,-1.64,-0.29,2.08,-0.96,-1.62,-1.10,-0.22,0.52,-2.18
20080327,-0.16,-2.24,-1.15,-0.73,-2.11,-0.46,-1.29,-0.17,0.41,-1.49
20080328,-0.06,-2.27,-0.28,-0.45,-0.42,-1.21,-1.33,-0.59,-0.73,-1.40
20080331,-0.31,1.00,0.72,0.17,0.63,1.35,1.08,-0.27,1.06,0.81
20080401,1.53,3.96,2.76,1.91,3.40,3.05,3.68,2.05,2.32,5.29
20080402,-0.68,0.72,0.18,1.30,-0.29,-0.22,-0.16,-0.69,0.73,-0.37
20080403,0.16,0.50,0.36,0.11,0.11,0.48,-0.33,0.04,-0.42,0.19
20080404,0.13,0.12,1.13,1.17,0.32,-0.87,-0.28,0.97,0.51,-0.77
20080407,0.18,-0.52,-0.16,0.31,-0.32,0.83,-0.45,0.47,0.31,0.44
20080408,-0.60,-0.11,-0.07,1.03,-0.77,-0.11,-0.19,-0.37,0.51,-0.94
20080409,-0.93,-2.71,-0.66,0.39,-0.43,-1.69,-1.54,-0.71,0.01,-1.74
20080410,0.93,0.59,0.63,-0.02,1.34,0.07,1.01,1.29,-0.33,0.03
20080411,-1.04,-2.38,-1.82,-1.33,-2.76,-1.93,-1.42,-1.55,-0.21,-2.84
20080414,0.39,-0.99,0.18,1.77,-0.42,-0.48,-0.18,-0.49,0.44,-1.64
20080415,0.37,0.32,0.40,1.17,0.03,-0.10,0.85,-0.42,0.94,0.87
20080416,1.04,3.23,2.78,2.72,2.89,1.28,1.44,0.87,2.17,2.65
20080417,-0.13,-0.45,-0.84,-0.09,-0.04,0.30,0.10,-1.17,-0.03,0.50
20080418,0.65,3.00,2.08,1.40,3.03,1.06,1.41,0.84,0.52,1.68
20080421,0.00,0.82,0.18,0.69,0.68,0.21,-0.19,-0.63,-0.51,-1.21
20080422,-1.14,-2.32,-1.38,0.25,-1.27,-0.48,-1.25,-0.93,-0.48,-1.05
20080423,0.39,-0.06,-0.20,-0.90,1.40,1.18,0.75,0.84,0.76,-0.40
20080424,-0.45,2.08,-0.21,-2.18,1.07,0.70,1.06,0.35,-0.66,2.43
20080425,-0.37,-0.75,1.22,1.24,-0.94,0.27,1.30,0.67,0.61,1.39
20080428,-0.07,1.28,-0.37,-0.15,-0.27,0.20,0.01,0.49,-0.17,0.02
20080429,-1.32,-0.27,-1.12,-1.37,0.39,1.07,0.71,-1.07,-0.87,-0.30
20080430,-0.16,0.59,0.04,0.86,-0.69,-0.19,-1.29,-0.32,0.12,-0.47
20080501,0.80,2.25,0.79,-2.21,2.77,3.49,1.94,1.69,0.91,2.79
20080502,0.29,-0.14,0.47,1.13,-0.16,0.21,-0.45,-0.22,1.11,0.21
20080505,0.09,-0.99,-0.02,1.20,-0.56,-0.59,-0.83,-0.34,-0.86,-1.00
20080506,0.44,0.25,0.87,2.21,0.97,0.45,-0.09,-0.11,0.24,0.72
20080507,-1.17,-2.12,-1.43,-1.29,-1.33,-0.79,-0.95,-1.42,-1.24,-2.75
20080508,0.46,0.51,1.10,1.67,0.63,0.41,-0.37,0.24,0.58,-0.37
20080509,-0.77,-0.52,-0.56,-0.56,-0.25,-0.75,-0.05,-0.38,0.04,-0.88
20080512,1.32,1.73,1.36,0.02,1.30,1.13,1.99,0.79,0.78,1.24
20080513,0.44,0.64,0.60,1.29,0.25,0.37,-0.28,-0.47,-0.06,-0.55
20080514,0.45,0.89,0.01,-0.73,0.41,1.23,1.04,0.54,0.49,0.56
20080515,0.86,1.30,0.99,1.59,1.91,0.71,0.89,0.06,-0.03,0.89
20080516,0.05,-0.56,0.40,2.48,-0.03,-0.22,-0.54,0.14,0.82,-0.71
20080519,-0.14,0.28,-0.10,1.08,-0.49,0.28,-0.61,0.24,0.93,-0.23
20080520,-0.48,-1.12,-0.59,1.14,-1.30,-1.87,-1.20,-0.23,0.42,-1.49
20080521,-0.98,-1.61,-1.83,-1.14,-1.79,-0.90,-1.95,-0.83,-0.23,-1.99
20080522,1.18,-0.71,-0.10,-0.97,0.52,0.77,0.76,0.59,0.37,0.78
20080523,-0.45,-1.82,-1.19,-1.82,-0.56,-1.53,-1.13,-1.02,-1.84,-1.63
20080527,0.61,0.46,0.32,-0.98,1.65,0.74,1.23,0.53,0.59,1.03
20080528,-0.35,0.97,1.38,1.36,0.41,0.50,1.02,-0.08,0.16,0.02
20080529,0.92,1.29,0.02,-2.00,0.62,1.15,1.24,1.72,0.37,1.24
20080530,-0.20,0.47,0.84,0.93,0.64,0.01,-0.35,0.23,0.04,-0.12
20080602,-0.77,-1.53,-1.04,0.56,-1.42,-0.83,-1.08,-0.75,-0.73,-1.43
20080603,-0.29,-0.14,-0.67,-1.60,-0.33,-0.70,0.42,0.16,-0.47,-0.44
20080604,0.42,-0.15,0.18,-1.61,0.88,0.37,0.45,0.30,0.98,-0.36
20080605,1.20,0.98,1.62,4.46,1.78,1.95,2.13,0.89,1.44,1.80
20080606,-2.48,-4.13,-2.97,-1.25,-2.79,-3.03,-3.33,-2.34,-2.11,-3.93
20080609,-0.14,0.19,0.77,2.46,-0.35,-0.80,0.15,-0.48,1.53,-1.15
20080610,0.87,-0.66,-0.51,-2.25,-0.31,-0.66,0.18,-0.41,-0.17,0.40
20080611,-1.10,-3.38,-1.38,1.04,-2.21,-2.04,-2.27,-1.38,-0.62,-2.71
20080612,0.32,0.44,0.38,-1.71,0.75,-0.25,1.01,0.44,-0.37,0.84
20080613,0.02,2.55,1.78,1.19,2.01,1.74,1.92,1.27,1.15,1.66
20080616,-1.33,0.58,-0.01,0.42,0.50,-1.08,0.26,-0.20,-0.02,0.57
20080617,0.17,-1.34,-0.30,1.80,-0.65,-0.85,-1.21,-0.26,0.32,-1.86
20080618,-0.86,-2.44,-0.82,-0.11,-1.19,-1.44,-1.73,-0.77,-0.38,-1.03
20080619,0.22,1.67,0.39,-2.44,1.25,0.31,1.13,1.16,0.28,0.46
20080620,-0.63,-3.41,-1.74,-0.72,-2.40,-2.58,-2.28,-1.31,-1.26,-2.12
20080623,-0.09,-2.13,0.49,3.51,-0.59,-0.51,-1.32,0.17,1.14,-1.67
20080624,-0.53,-1.09,-1.70,-1.74,-0.54,-0.39,0.01,0.24,-0.58,0.24
20080625,0.82,0.15,-0.17,-0.57,1.42,1.24,1.63,0.84,0.50,0.63
20080626,-1.88,-5.14,-3.24,-1.09,-3.42,-2.75,-2.91,-1.96,-2.33,-3.54
20080627,-1.49,-0.94,-0.56,0.95,-0.46,-0.76,-0.32,0.41,-0.68,-0.85
20080630,-0.03,-1.29,0.00,1.86,-0.91,1.72,-1.02,1.03,2.11,-1.17
20080701,-0.20,0.05,0.06,0.54,0.24,-0.98,0.69,0.92,0.59,0.32
20080702,-0.47,-4.90,-3.39,-3.25,-1.86,-1.47,-1.78,-0.45,-0.91,-2.10
20080703,0.46,-0.07,0.51,-0.64,0.00,-0.51,0.11,0.45,-1.18,-0.54
20080707,0.01,-0.56,-0.41,-2.35,0.48,-0.54,0.17,-0.71,-1.19,-1.73
20080708,1.26,3.63,0.99,-1.52,1.20,1.64,2.74,3.10,0.26,4.08
20080709,-0.62,-2.59,-1.21,-2.12,-2.84,-2.16,-2.06,-0.35,0.59,-3.43
20080710,-0.28,-1.38,1.40,3.04,1.15,0.80,-1.27,0.64,0.78,-0.32
20080711,-0.18,0.00,-0.75,-0.37,-0.77,-0.69,-1.47,-0.75,-0.61,-1.45
20080714,0.25,-1.88,0.39,0.40,-1.00,-0.33,-0.43,-0.44,-0.95,-3.06
20080715,0.17,-0.20,-1.36,-4.14,0.15,0.20,-0.24,1.71,-0.89,-2.09
20080716,1.15,6.01,1.73,-2.24,2.33,1.50,3.31,0.98,-1.63,7.46
20080717,-0.75,3.61,0.89,-2.58,1.12,0.40,1.65,0.81,-1.82,4.14
20080718,-0.42,-0.78,-0.24,1.04,-1.12,0.64,-0.85,-0.54,0.63,0.59
20080721,-0.30,-0.17,1.20,2.97,-0.43,-0.84,-0.89,-0.22,1.48,-0.50
20080722,2.21,3.46,0.89,-2.59,0.17,-0.07,2.45,0.45,-0.43,4.71
20080723,0.82,1.65,-0.39,-4.04,1.13,2.88,0.41,0.45,-2.30,1.62
20080724,-0.92,-6.07,-2.59,-0.41,-1.83,-2.27,-2.21,-0.08,-0.79,-4.70
20080725,0.11,0.33,0.90,1.24,1.41,-0.38,-0.25,0.75,-0.38,-0.16
20080728,-0.81,-3.23,-1.10,-0.23,-1.90,-2.72,-1.75,-0.94,-0.29,-3.23
20080729,1.36,4.34,2.25,-0.91,2.03,1.30,3.13,0.62,0.40,5.04
20080730,0.83,-0.17,2.43,5.51,0.48,1.04,0.51,-0.09,1.84,1.77
20080731,-1.37,-0.84,-2.18,-3.68,-0.51,-0.38,-0.54,0.32,-0.46,-1.09
20080801,0.36,-1.55,-0.69,-0.44,-0.50,-0.87,-0.68,-0.72,-2.52,0.11
20080804,0.45,-0.72,-1.94,-5.10,-0.55,-0.28,0.21,0.86,-1.64,-1.07
20080805,1.62,4.28,2.30,0.67,2.68,3.19,4.01,2.18,1.10,3.72
20080806,0.73,0.13,0.85,2.34,1.36,-1.13,-0.14,0.64,0.17,-0.45
20080807,-1.62,-2.37,-1.35,-1.44,-0.17,-1.44,-2.55,-1.38,-0.63,-3.20
20080808,2.22,4.20,2.23,-0.35,2.16,3.18,3.84,2.13,1.09,3.06
20080811,0.65,1.96,0.16,-0.45,0.59,1.75,2.11,0.35,0.93,1.44
20080812,0.07,-0.42,-0.18,-0.42,-0.08,-0.94,-0.56,-0.31,-1.83,-3.08
20080813,0.10,-1.53,0.43,3.47,-0.04,-0.59,-1.41,-0.27,1.37,-1.62
20080814,0.11,1.72,0.16,-1.29,0.66,0.76,1.28,0.47,-0.98,1.85
20080815,0.31,0.63,0.27,-1.57,0.13,1.06,1.20,0.45,0.48,0.98
20080818,-1.08,-2.22,-0.99,-1.21,-1.35,-1.19,-1.22,-0.89,0.11,-2.53
20080819,-0.78,-2.37,-0.84,2.75,-1.33,-1.76,-1.81,-0.61,0.38,-2.30
20080820,0.35,-0.44,0.36,2.87,0.30,-0.23,-0.19,-0.41,0.83,0.74
20080821,-0.35,-1.11,0.00,2.39,-0.33,0.23,0.33,-0.02,0.81,-0.38
20080822,0.68,1.77,1.11,-1.64,1.46,1.79,1.79,1.05,-0.01,2.15
20080825,-1.38,-2.10,-1.94,-1.55,-1.75,-2.36,-2.12,-1.35,-0.97,-2.56
20080826,-0.29,0.00,0.18,1.84,-0.36,0.40,0.43,0.04,1.19,0.44
20080827,0.46,0.61,0.92,1.41,0.86,1.17,0.43,-0.10,0.96,1.33
20080828,0.38,2.67,1.87,-0.68,0.99,2.31,1.66,0.85,0.45,3.22
20080829,-1.21,-1.08,-1.35,-1.20,-2.20,-0.87,-1.05,-1.10,-1.59,-0.71
20080902,0.70,0.81,-0.96,-4.90,-1.22,0.71,1.65,0.10,-1.88,0.93
20080903,-0.43,0.34,-0.61,-0.34,-1.45,0.00,0.54,0.04,-1.34,0.64
20080904,-1.45,-2.76,-3.28,-2.27,-3.17,-3.35,-2.15,-2.21,-1.17,-3.83
20080905,1.34,0.04,0.53,-0.14,-0.24,-0.57,0.48,-0.37,-1.72,1.67
20080908,1.69,3.15,0.83,-0.87,0.61,3.01,3.14,1.49,1.88,3.41
20080909,-0.89,-3.10,-3.53,-6.81,-2.27,-1.51,-2.07,-1.50,-3.32,-5.04
20080910,0.19,1.73,0.90,3.90,0.78,-1.20,0.62,0.19,0.99,0.17
20080911,1.36,1.51,1.51,1.20,1.07,0.19,1.52,1.08,1.08,1.46
20080912,0.53,0.90,1.23,3.16,0.09,0.29,-1.22,-0.26,1.58,-0.54
20080915,-1.88,-4.13,-3.77,-7.18,-3.66,-4.34,-2.14,-2.03,-3.70,-6.87
20080916,0.86,1.21,1.22,3.54,0.65,-0.56,0.83,0.54,-0.22,3.66
20080917,-3.76,-4.43,-4.13,-2.11,-4.70,-4.54,-4.57,-3.31,-4.86,-6.43
20080918,2.49,5.05,2.61,3.53,4.06,3.24,3.64,2.41,3.63,7.94
20080919,1.40,3.97,3.22,6.49,2.98,3.66,0.19,0.92,3.34,8.53
20080922,-2.54,-5.18,-3.18,-1.04,-3.49,-4.31,-3.78,-2.32,-2.27,-6.80
20080923,-1.07,-2.64,-2.44,-2.63,-0.98,-1.43,-1.29,-0.37,-1.28,-1.73
20080924,-0.33,-1.52,-0.64,-0.19,0.42,0.00,-0.45,0.38,-0.10,-0.97
20080925,1.44,0.05,0.64,2.31,1.83,2.95,1.63,1.53,2.50,1.78
20080926,0.12,-0.87,-0.71,-1.76,0.08,0.27,0.92,0.15,-1.03,1.22
20080929,-4.87,-6.87,-6.84,-10.71,-8.56,-8.35,-5.38,-5.22,-5.83,-11.20
20080930,2.49,4.44,3.69,5.92,4.86,3.38,2.58,3.01,1.84,8.21
20081001,1.45,-3.19,-1.45,-1.67,-1.92,-0.27,-0.71,-0.27,-0.06,0.76
20081002,-2.99,-7.50,-5.74,-5.98,-4.36,-3.10,-3.15,-1.54,-3.13,-4.85
20081003,-0.91,-3.36,-1.25,-0.55,-1.09,-1.01,-1.65,-0.70,-0.77,-2.59
20081006,-3.96,-3.86,-3.87,-3.53,-3.93,-4.24,-3.39,-4.58,-5.31,-3.72
20081007,-3.06,-6.63,-5.04,-5.51,-5.96,-4.88,-5.10,-3.34,-4.25,-8.37
20081008,-1.82,-2.12,-0.67,0.67,-1.06,-2.50,-1.16,-0.84,-2.16,-2.14
20081009,-6.85,-9.31,-6.60,-11.73,-4.09,-7.24,-5.93,-6.70,-6.69,-9.11
20081010,-1.53,1.61,-1.77,-8.02,-0.70,-4.01,-0.47,-3.32,-4.54,4.20
20081013,10.24,9.61,10.72,19.18,11.88,14.50,7.73,11.10,14.46,9.28
20081014,-4.07,-3.24,-1.76,-0.57,-3.64,-0.37,-2.73,-0.24,-0.73,2.59
20081015,-5.87,-9.34,-9.77,-15.29,-7.99,-9.67,-8.21,-5.91,-8.92,-8.48
20081016,3.11,3.17,5.03,9.00,4.97,3.66,5.52,3.70,4.28,2.43
20081017,0.77,-0.92,-1.41,-0.02,-0.36,0.26,-0.37,-0.29,0.99,-0.92
20081020,3.36,1.88,4.63,10.95,3.49,6.12,2.56,3.87,8.60,3.39
20081021,-1.87,-4.41,-3.29,-4.29,-4.94,-3.52,-2.02,-1.30,-3.66,-2.01
20081022,-3.41,-7.72,-6.83,-10.20,-4.10,-7.70,-4.09,-4.48,-6.11,-5.97
20081023,-0.45,-2.22,0.24,6.28,-0.96,1.42,-0.71,1.12,3.88,-1.52
20081024,-3.84,-3.16,-3.85,-3.40,-2.78,-4.10,-3.42,-2.60,-3.04,-3.19
20081027,-1.57,-4.53,-3.76,-5.64,-2.81,-0.62,-3.01,-2.82,-3.72,-4.04
20081028,8.63,9.68,9.94,12.02,10.11,13.22,10.99,6.53,10.17,9.35
20081029,-1.13,1.60,0.42,2.27,-0.98,-2.60,0.09,-1.09,-1.57,-0.67
20081030,2.49,3.53,3.72,4.07,3.06,2.88,2.28,2.54,5.04,2.34
20081031,0.64,2.84,2.10,0.82,0.56,0.56,2.75,1.30,-1.00,4.24
20081103,0.24,-0.26,-0.11,-1.98,-0.22,3.03,-1.46,0.77,-0.14,0.26
20081104,2.47,4.43,4.13,6.24,3.25,4.62,2.04,1.50,2.30,4.28
20081105,-3.10,-4.83,-5.10,-4.64,-5.32,-6.68,-4.33,-3.50,-3.61,-6.29
20081106,-3.68,-7.51,-5.17,-6.27,-5.06,-4.90,-3.05,-2.87,-4.26,-5.90
20081107,2.29,0.82,2.48,4.87,2.36,2.99,1.72,2.75,4.60,1.90
20081110,-0.65,-4.60,-0.83,0.69,-1.79,-0.99,-0.97,-0.33,-2.20,-2.62
20081111,-1.89,-3.31,-3.20,-3.06,-2.12,-3.13,-1.92,-1.38,-0.33,-2.33
20081112,-3.51,-5.81,-5.03,-7.35,-5.15,-5.65,-4.94,-3.18,-3.43,-5.97
20081113,4.32,8.43,7.59,10.92,6.09,7.80,6.11,5.94,7.83,6.21
20081114,-3.32,-5.61,-4.71,-3.65,-5.08,-2.88,-4.93,-3.51,-3.65,-4.57
20081117,-1.13,-2.32,-2.18,-1.54,-2.61,-3.10,-2.17,-1.85,-0.10,-3.89
20081118,0.54,-1.73,0.94,3.05,1.57,-0.69,0.52,0.70,0.49,-0.38
20081119,-4.32,-9.58,-6.07,-5.38,-5.86,-6.41,-4.97,-4.57,-3.76,-9.50
20081120,-4.23,-5.78,-6.36,-10.93,-4.81,-5.54,-3.89,-6.25,-6.19,-8.23
20081121,5.78,5.59,6.77,11.90,5.68,6.13,4.31,3.64,8.92,5.21
20081124,3.55,8.81,4.85,6.15,5.96,7.08,4.93,2.88,2.49,11.16
20081125,-0.49,3.03,0.28,0.70,-1.12,1.83,2.18,0.07,0.55,3.08
20081126,2.16,9.06,3.85,5.61,4.28,5.20,4.20,1.23,1.62,4.56
20081128,1.61,2.91,1.71,-1.73,0.09,1.81,-0.18,1.25,1.58,2.59
20081201,-6.06,-10.63,-8.98,-9.61,-7.81,-7.96,-7.28,-6.35,-7.33,-12.49
20081202,1.52,5.40,3.25,3.96,3.44,4.97,2.42,3.56,2.35,6.29
20081203,2.56,3.87,1.61,0.61,2.65,2.84,3.12,2.95,2.21,3.61
20081204,-2.34,-4.41,-3.10,-6.18,-4.17,-2.25,1.05,-2.36,-4.93,-2.12
20081205,3.25,4.61,2.90,1.21,3.94,2.35,4.72,3.24,2.57,5.67
20081208,1.41,9.19,3.81,5.81,4.93,4.89,1.20,1.37,1.09,5.08
20081209,-1.81,-2.82,-1.75,-0.70,-0.84,-2.64,-2.78,-2.04,-1.45,-3.97
20081210,0.99,1.09,1.42,4.94,0.85,-0.69,1.76,0.62,2.26,0.19
20081211,-2.26,-6.95,-3.29,-0.34,-3.36,-1.71,-2.45,-0.41,-1.23,-5.62
20081212,0.03,0.97,1.63,-0.66,2.18,0.15,0.68,0.83,0.79,1.17
20081215,-0.38,-1.59,-0.92,-0.62,-1.93,-2.00,-1.23,-0.86,-1.78,-2.56
20081216,2.90,4.13,5.16,3.94,4.96,4.95,3.86,3.91,3.39,8.08
20081217,0.18,1.49,0.03,-1.54,-1.09,-0.11,0.45,-0.48,-2.62,-0.75
20081218,0.02,-4.06,-2.08,-5.47,-2.18,-1.93,-0.50,0.45,-0.03,-2.35
20081219,-0.70,3.03,0.18,-0.71,1.07,0.70,-0.08,0.70,0.32,0.52
20081222,-0.82,-4.65,-1.62,-2.47,-2.05,-1.56,-1.65,-0.58,-0.50,-2.88
20081223,-0.72,-2.82,-1.37,-0.21,-0.86,-0.92,-1.19,-0.36,-1.45,-0.95
20081224,0.91,0.45,0.85,0.13,0.21,0.37,0.62,0.11,0.68,0.74
20081226,0.73,2.29,1.07,1.85,0.34,1.13,0.02,0.16,0.70,0.40
20081229,-0.30,-2.41,-1.21,1.73,-0.77,-0.76,-0.94,-0.73,-0.13,-0.93
20081230,1.68,3.97,3.14,1.76,2.44,2.79,1.91,2.19,1.81,3.11
20081231,0.51,2.28,1.65,1.51,1.22,1.72,1.79,1.16,1.92,2.66
20090102,2.03,5.79,3.75,4.21,3.97,4.15,2.85,1.81,2.39,2.66
20090105,-0.04,1.72,-0.02,1.42,0.15,-2.87,0.32,-0.96,0.80,-0.93
20090106,-0.83,3.60,1.79,0.31,2.54,1.24,0.26,-1.28,-0.54,1.52
20090107,-0.39,-4.05,-3.43,-3.93,-3.38,-2.67,-1.75,-0.93,-2.03,-4.47
20090108,-0.45,1.45,0.67,1.27,0.77,1.20,-1.45,0.57,0.46,0.62
20090109,-1.32,-3.75,-2.17,-2.87,-2.35,-2.44,-2.46,-0.68,-1.28,-2.92
20090112,-1.16,-3.35,-2.45,-3.10,-1.48,-2.99,-1.44,-0.98,-0.35,-3.79
20090113,0.84,-0.80,-0.59,2.08,-0.08,-0.49,0.32,1.01,-1.34,0.12
20090114,-2.62,-5.19,-3.55,-4.26,-3.35,-3.08,-2.47,-1.45,-1.69,-4.92
20090115,0.91,1.53,0.99,1.23,1.27,-0.04,1.86,0.62,0.66,-1.59
20090116,1.71,-0.15,1.07,1.26,1.14,0.60,1.29,0.74,1.89,-0.57
20090120,-2.18,-6.83,-4.48,-4.42,-5.30,-4.09,-4.18,-2.66,-2.48,-10.02
20090121,1.10,3.54,3.13,5.92,4.95,4.46,1.17,2.33,1.99,7.28
20090122,-0.32,-3.86,-1.70,-2.38,-2.43,-1.74,-0.06,-0.47,-0.46,-2.48
20090123,-0.54,-0.69,-0.38,1.75,1.18,0.89,-0.48,0.24,0.47,0.29
20090126,0.94,0.30,0.11,1.55,1.15,1.80,0.98,-0.55,2.18,-0.61
20090127,0.43,1.45,1.15,0.08,1.14,-1.38,0.27,1.67,0.42,2.63
20090128,0.94,4.50,3.49,2.06,3.18,3.25,2.25,0.89,1.08,7.12
20090129,-1.33,-5.02,-3.17,-3.63,-3.02,-3.70,-2.76,-0.88,-0.81,-5.71
20090130,-2.80,-2.50,-3.27,-1.29,-2.57,-2.31,-2.06,-1.14,-2.01,-2.19
20090202,-0.18,-0.07,-1.90,-0.89,1.20,1.20,-0.21,0.84,0.38,0.06
20090203,2.27,1.75,1.98,1.94,1.65,1.79,2.48,2.16,0.86,-0.14
20090204,-2.16,-0.30,-0.17,0.07,0.50,-2.66,-2.02,-0.70,0.82,-0.60
20090205,1.06,2.12,2.02,2.48,2.08,0.80,2.86,0.69,0.78,1.19
20090206,1.68,4.64,2.62,1.75,3.14,2.63,2.65,1.04,1.18,4.89
20090209,-1.27,0.20,-0.21,0.18,0.19,-0.55,-0.41,-0.45,-0.88,1.13
20090210,-3.31,-4.93,-4.54,-4.69,-4.12,-4.70,-3.78,-2.85,-2.91,-7.13
20090211,0.99,0.57,0.10,-1.33,0.51,0.06,0.41,1.16,-0.51,2.63
20090212,1.77,-0.56,-0.22,0.33,0.68,0.54,0.47,0.94,-0.73,-0.52
20090213,-0.85,-1.17,-0.28,-0.03,0.00,-0.37,-1.77,-0.85,-0.03,-2.14
20090217,-2.77,-5.18,-4.70,-6.17,-4.32,-4.89,-1.62,-1.77,-4.98,-6.29
20090218,-0.16,-1.38,-0.18,-0.50,0.11,-1.65,0.75,0.02,-1.51,-0.70
20090219,0.90,-2.65,-0.89,0.33,-2.72,0.26,0.67,-0.37,0.10,-3.35
20090220,-1.26,-1.69,-1.63,-2.38,-0.20,0.81,-0.75,-0.98,-2.69,-1.50
20090223,-2.58,-3.72,-4.79,-4.09,-4.24,-2.73,-2.94,-1.93,-2.66,-3.73
20090224,2.19,5.82,3.56,4.53,3.43,4.54,3.07,1.87,3.19,6.97
20090225,-1.14,-2.42,-2.09,-0.63,-0.71,0.07,-1.24,-1.61,-0.73,-1.40
20090226,-2.18,-1.76,-1.22,-0.39,-1.46,-1.28,-2.29,-4.03,-1.66,-0.25
20090227,-0.68,-1.44,-1.44,-3.23,-0.42,-0.58,0.94,-4.30,-1.21,-3.72
20090302,-3.09,-7.22,-5.88,-6.59,-3.52,-3.88,-3.42,-4.01,-4.17,-6.26
20090303,-0.62,-0.59,-0.25,0.34,0.09,-1.08,-1.22,-0.09,-3.28,-1.66
20090304,1.67,2.33,3.56,3.90,2.71,3.13,2.42,2.41,2.16,0.97
20090305,-3.23,-6.88,-5.16,-4.70,-3.59,-3.39,-2.11,-2.80,-3.72,-6.68
20090306,1.38,-3.74,0.11,1.44,-0.71,-0.44,-0.95,1.81,0.42,-0.24
20090309,-0.82,-1.02,-1.06,0.45,-2.41,-3.66,-1.46,-0.73,-2.23,0.03
20090310,2.65,7.90,6.28,5.12,7.01,7.11,5.32,3.05,2.59,11.45
20090311,0.41,2.66,0.91,-1.08,1.96,0.84,-0.71,-1.44,-0.62,0.78
20090312,3.06,6.27,2.65,2.99,2.86,4.25,3.58,5.02,1.63,7.16
20090313,1.20,1.78,0.71,-0.64,-0.10,0.28,1.28,2.83,1.32,0.40
20090316,1.08,-0.72,0.76,0.42,-1.61,-0.65,-1.31,-1.13,2.30,-1.18
20090317,1.74,3.18,1.78,3.73,3.64,4.25,3.58,1.64,2.17,4.52
20090318,-0.40,6.14,1.75,0.83,1.58,2.30,2.00,0.04,2.70,5.43
20090319,-0.88,0.32,-0.27,1.39,0.43,-1.69,-0.66,-2.06,1.50,-3.72
20090320,0.39,-1.79,-2.58,-3.58,-1.86,-1.68,-1.63,0.15,-0.90,-3.30
20090323,3.96,9.54,6.97,7.56,6.35,7.17,5.30,3.53,4.36,11.16
20090324,-0.13,-2.52,-1.08,-1.95,-1.77,-1.69,-1.20,-1.30,-2.43,-3.60
20090325,0.65,0.50,1.12,0.43,0.37,-0.06,1.28,0.61,0.23,2.07
20090326,1.51,6.04,3.75,1.13,4.08,2.05,3.12,1.45,1.62,3.06
20090327,-1.25,-2.28,-2.08,-2.60,-2.65,0.08,-1.52,-0.93,-1.72,-2.98
20090330,-2.42,-6.32,-4.17,-3.19,-2.81,-5.40,-2.17,-0.70,-2.02,-5.91
20090331,-0.26,0.21,0.62,-0.38,1.78,0.90,0.69,0.31,1.45,3.48
20090401,1.55,2.67,2.21,2.07,2.14,3.55,1.33,-0.22,0.26,1.77
20090402,1.52,8.38,4.80,3.42,3.10,4.20,3.46,0.00,1.56,3.82
20090403,0.25,4.22,1.33,1.41,1.04,1.03,0.44,-1.33,0.70,2.27
20090406,-0.37,0.58,-0.52,-1.58,-0.72,-0.77,-1.01,0.10,-1.16,-1.63
20090407,-1.34,-4.93,-3.09,-2.81,-2.63,-2.60,-2.34,-1.26,-0.87,-2.86
20090408,1.30,3.22,1.04,1.10,1.78,0.46,2.34,1.08,1.49,0.77
20090409,1.14,9.46,4.71,2.51,3.36,2.80,1.94,0.66,0.30,8.76
20090413,-0.35,-1.28,-0.99,-1.31,-0.58,-0.71,0.23,-0.12,-1.30,3.06
20090414,-1.55,-1.04,-1.56,-0.69,-1.00,-2.42,-1.66,-0.39,-1.34,-4.60
20090415,1.87,-0.04,1.72,0.06,-0.48,1.53,-0.11,0.46,1.35,3.16
20090416,0.78,3.88,2.90,0.13,3.21,2.67,2.15,0.61,0.64,1.10
20090417,0.41,1.99,0.83,0.53,-0.14,-0.20,0.64,1.10,0.47,0.74
20090420,-1.98,-7.40,-4.60,-4.48,-3.25,-3.84,-2.90,-2.10,-1.89,-7.56
20090421,0.06,3.45,2.63,2.09,1.87,1.23,2.00,-0.38,0.67,4.79
20090422,-0.49,4.07,0.95,-1.55,0.23,0.09,0.17,-1.38,-1.13,-1.88
20090423,0.01,-0.03,0.15,2.10,0.19,-0.62,-0.24,0.27,0.27,1.79
20090424,0.80,5.92,2.86,2.35,2.52,0.83,0.88,0.49,-0.07,2.05
20090427,-0.53,-1.06,-1.29,-1.62,-0.76,-0.97,-0.48,0.91,0.66,-2.09
20090428,0.74,-0.59,-0.80,0.59,-0.41,0.66,0.31,-0.08,0.49,-0.88
20090429,1.14,5.02,2.81,2.70,2.14,2.32,1.52,1.13,1.22,3.86
20090430,0.02,2.09,0.42,-2.12,0.35,0.43,0.72,-0.42,-0.17,-0.13
20090501,0.34,-1.03,1.38,3.07,0.66,1.76,-0.87,-0.30,2.35,-0.94
20090504,1.77,4.13,3.64,2.99,1.86,2.86,2.29,1.86,1.79,6.35
20090505,0.29,-1.03,-0.82,-1.47,-0.24,-0.15,-0.03,0.57,-0.50,-0.18
20090506,0.65,1.89,1.15,3.67,0.03,1.93,-0.89,-0.65,0.17,3.90
20090507,-0.06,-3.41,-2.04,-1.05,-2.93,-2.49,-0.91,1.90,0.36,-2.04
20090508,1.08,3.44,2.98,4.33,0.30,0.84,0.55,0.90,1.79,5.36
20090511,-0.93,-3.41,-2.49,-3.04,-0.12,-0.97,-0.66,-0.60,-0.69,-4.58
20090512,1.45,-5.37,-0.10,1.01,-0.60,-0.68,-0.43,1.19,0.35,-1.62
20090513,-1.39,-5.46,-3.56,-3.12,-2.53,-2.33,-2.70,-0.43,-2.64,-4.41
20090514,1.20,1.85,1.30,0.32,1.37,0.31,0.04,0.18,-0.21,2.38
20090515,-0.02,0.51,-0.56,-2.11,-0.06,-1.27,-1.08,-1.10,-2.18,-1.46
20090518,1.31,4.11,3.96,3.19,2.54,2.59,3.53,1.24,0.61,4.96
20090519,0.25,0.75,0.58,0.50,0.77,-0.48,-0.14,-0.42,1.48,-1.25
20090520,0.46,-1.22,0.05,-0.14,-0.57,-0.93,-0.59,0.29,-1.11,-1.15
20090521,-1.17,-2.14,-2.71,-2.60,-1.71,-2.41,-1.46,-1.06,-1.36,-1.22
20090522,0.35,-1.29,0.24,0.20,-0.33,0.03,0.16,0.06,0.55,-0.79
20090526,0.78,4.58,2.83,2.03,3.18,3.34,3.14,1.51,2.91,3.64
20090527,-1.88,-2.10,-2.23,-1.25,-0.72,-1.92,-1.74,-1.13,-1.78,-2.98
20090528,0.90,0.76,1.05,2.83,1.17,1.28,-0.02,0.40,2.06,1.94
20090529,1.67,2.06,1.17,1.17,1.15,0.02,1.09,1.73,0.83,2.00
20090601,1.71,6.21,4.58,3.95,3.29,1.46,3.96,0.35,3.50,1.91
20090602,1.59,1.51,0.65,0.08,-0.17,1.03,0.28,1.33,-1.00,-0.16
20090603,-0.99,-2.39,-1.90,-3.38,-0.54,-1.65,-0.39,-0.04,-1.98,-1.83
20090604,0.63,2.70,1.58,2.02,1.49,0.25,-0.48,-0.96,1.03,2.26
20090605,-0.44,0.36,0.26,-0.50,0.52,-0.14,-0.08,-0.30,0.16,-0.78
20090608,0.07,-0.50,-0.67,-0.08,-0.30,0.35,-0.21,-0.82,-0.46,0.19
20090609,-0.19,0.63,0.35,0.76,0.98,0.49,0.40,-0.08,-0.31,0.64
20090610,-0.69,0.01,-0.30,0.73,-0.05,-0.07,-0.95,-0.54,1.42,-1.03
20090611,0.49,-0.39,0.36,1.45,0.54,1.04,-1.20,1.36,2.31,0.42
20090612,0.04,-0.40,-0.17,-0.76,-0.10,0.07,0.60,0.44,0.97,-0.10
20090615,-1.85,-3.56,-3.04,-2.33,-1.75,-2.16,-2.05,-2.80,-2.12,-2.67
20090616,-1.47,-2.05,-1.94,-1.95,-1.15,-1.54,-1.61,-0.15,-0.65,-1.28
20090617,0.14,0.00,-0.58,-1.44,0.70,0.44,1.07,1.99,-0.15,-1.39
20090618,2.00,-0.38,0.58,-0.23,-0.27,0.33,0.20,1.84,1.98,1.27
20090619,-0.57,1.22,-0.34,-0.79,1.16,-0.32,0.38,0.53,-1.22,1.07
20090622,-1.34,-4.49,-3.39,-4.81,-2.93,-1.28,-1.64,-1.84,-0.66,-4.63
20090623,-0.32,-0.05,-0.12,0.67,-0.24,1.27,-1.01,-0.12,-0.95,0.75
20090624,-0.03,1.84,0.33,0.11,1.46,0.60,0.50,0.62,0.63,1.10
20090625,1.54,2.90,2.47,2.18,1.94,1.79,2.39,2.81,1.85,2.22
20090626,0.20,-0.17,0.17,-0.90,0.02,-0.15,-0.21,0.27,-0.31,0.31
20090629,0.60,2.36,1.08,1.39,0.64,1.28,0.52,0.43,1.24,0.72
20090630,-0.35,-0.50,-1.41,-0.68,-0.63,-1.32,-0.59,-0.60,-0.51,-0.72
20090701,2.08,0.97,1.02,0.26,0.68,0.33,0.38,-0.08,1.25,0.14
20090702,-1.90,-3.47,-2.83,-3.59,-2.56,-3.05,-2.81,-2.28,-3.34,-3.42
20090706,1.28,-1.80,-0.05,-1.41,-0.55,0.19,0.36,0.54,0.67,0.03
20090707,-1.23,-2.74,-2.52,-2.25,-2.45,-2.57,-1.39,-0.78,-2.28,-1.80
20090708,-0.57,-1.45,0.20,-0.38,-0.03,-0.84,1.36,0.75,-0.26,-1.21
20090709,-0.43,1.98,0.34,1.15,0.43,0.43,-0.16,-1.04,0.55,1.03
20090710,-0.30,1.15,-0.04,-1.20,0.39,-0.27,-0.55,-0.37,-0.41,-0.74
20090713,1.62,1.68,2.42,1.67,2.08,1.41,1.75,1.59,1.63,4.45
20090714,0.58,2.12,0.94,1.28,0.31,0.32,0.91,0.45,0.87,0.28
20090715,2.41,3.85,3.32,3.50,3.99,2.97,1.84,1.08,2.01,3.52
20090716,0.21,2.17,1.76,1.07,1.55,0.72,0.54,0.81,0.39,0.54
20090717,-0.18,0.30,-0.07,0.36,0.73,0.04,0.28,-0.50,-0.53,-0.71
20090720,0.50,2.57,1.80,1.68,1.01,2.12,1.28,0.73,0.85,1.04
20090721,0.13,0.51,0.16,1.10,0.54,0.23,-0.12,1.42,1.02,-0.57
20090722,-0.19,0.80,0.03,-0.78,0.42,0.22,0.85,-0.61,-0.47,0.31
20090723,2.26,5.03,2.69,2.99,1.88,2.98,0.85,2.24,2.60,2.80
20090724,0.38,-0.44,0.52,1.12,-0.47,-0.12,0.27,1.63,1.37,0.16
20090727,0.10,2.27,0.21,0.40,-0.29,0.65,-0.38,0.13,-0.06,1.11
20090728,-0.13,-1.77,-0.26,-1.38,0.34,-0.15,0.24,-0.14,-1.40,-0.08
20090729,0.10,-0.98,-0.81,-1.95,-0.24,-0.56,0.27,0.34,-0.49,-0.66
20090730,0.49,2.81,1.74,1.10,0.60,1.45,0.98,0.21,1.40,2.30
20090731,-0.04,3.04,0.43,0.79,-0.36,-0.82,-0.06,-0.64,-0.85,0.57
20090803,0.27,3.00,2.15,2.20,1.40,1.37,1.16,0.72,1.13,2.46
20090804,0.43,0.77,0.53,-0.10,-0.04,0.36,-0.34,0.19,-0.95,1.16
20090805,-0.69,-0.79,-0.97,-0.82,-0.88,-1.54,-0.48,-1.08,-1.05,1.61
20090806,-0.11,-1.63,-0.73,-0.84,-0.71,-1.05,0.03,-1.22,-0.15,-0.47
20090807,0.65,2.33,1.47,0.05,0.98,1.68,2.21,0.82,0.97,2.53
20090810,-0.10,-1.50,-0.84,0.25,-0.36,-0.20,-0.39,0.58,0.32,-0.78
20090811,-0.53,-1.26,-0.78,-1.53,-1.04,-1.52,-0.44,-0.38,-0.40,-2.48
20090812,-0.44,1.29,1.65,1.24,1.68,1.21,0.96,0.50,0.70,1.61
20090813,-0.07,1.12,0.91,0.75,0.83,-0.10,0.79,-0.20,-0.06,1.44
20090814,-0.36,-2.02,-1.72,-1.23,-0.99,-0.79,-1.18,-0.28,-0.28,-1.03
20090817,-1.13,-4.33,-2.71,-3.10,-2.61,-2.47,-2.15,-0.48,-1.37,-3.42
20090818,0.72,3.27,1.49,0.93,1.46,0.37,0.98,0.06,0.22,1.58
20090819,0.68,0.54,0.51,1.92,0.48,1.15,0.70,1.46,0.86,0.14
20090820,0.75,1.28,0.90,0.79,0.92,0.94,0.51,0.49,0.68,1.72
20090821,1.36,2.12,2.15,2.49,1.55,2.22,1.36,1.25,1.92,2.13
20090824,-0.08,-1.81,-0.13,1.30,-0.03,0.21,-0.64,0.27,0.19,-0.64
20090825,-0.21,1.65,0.24,-1.32,0.11,0.19,1.25,0.36,-0.49,0.83
20090826,0.35,-0.81,-0.40,0.46,0.01,0.45,0.47,0.04,-0.14,-0.35
20090827,0.12,0.95,0.56,-0.40,0.33,-0.10,0.01,0.17,-0.31,0.43
20090828,-0.73,-0.04,-0.20,-0.28,0.21,-0.23,-0.19,-0.82,-0.14,-0.06
20090831,-0.10,-1.30,-1.00,-1.76,-0.93,-1.29,-0.88,-0.21,-1.32,-0.70
20090901,-1.18,-3.28,-2.01,-1.63,-1.86,-2.14,-1.19,-1.32,-0.84,-3.70
20090902,0.56,-1.17,-0.44,-0.39,-0.03,-0.01,-0.33,-0.27,-0.78,-0.49
20090903,0.24,2.62,0.99,0.45,0.62,0.36,1.61,-0.07,0.25,1.86
20090904,0.93,1.46,1.31,1.57,1.72,2.33,0.70,1.41,0.57,1.08
20090908,0.95,0.65,1.50,2.61,0.83,0.91,0.52,-0.02,0.61,0.64
20090909,0.32,2.15,0.99,0.41,0.94,1.07,0.49,1.00,-0.03,1.38
20090910,-0.25,1.10,1.63,1.69,1.36,2.74,0.34,0.51,0.27,1.04
20090911,0.72,-0.55,0.18,-0.21,-0.10,0.26,-0.58,-0.17,-0.04,-0.21
20090914,0.37,0.87,0.72,0.63,0.17,0.14,0.33,0.81,1.33,1.16
20090915,-0.07,0.08,1.10,0.87,0.51,0.62,-0.12,-0.47,0.98,0.62
20090916,0.72,0.64,1.40,2.20,1.01,0.40,1.53,0.39,1.56,2.78
20090917,0.17,-1.14,0.11,-0.77,-0.12,-1.19,-0.28,0.06,-0.43,-0.53
20090918,0.84,0.04,0.73,-0.26,0.16,1.36,0.61,0.00,0.12,-0.15
20090921,-0.44,-1.63,-0.98,-0.86,0.15,-0.32,0.27,0.66,-0.48,-0.51
20090922,-0.17,1.62,0.99,1.47,0.32,0.16,0.04,-0.21,0.07,1.42
20090923,-0.19,-0.08,-1.07,-1.93,-0.35,-0.31,-1.08,-0.97,-0.64,-1.54
20090924,-0.74,-1.70,-1.31,-1.37,-0.75,-0.79,-0.72,-0.32,-0.39,-1.73
20090925,-0.13,-0.95,-0.66,-0.22,-0.61,-0.44,-0.92,0.01,-0.39,-1.20
20090928,0.93,2.15,1.59,1.78,1.69,2.05,1.17,1.57,1.04,2.52
20090929,0.47,0.76,0.03,-0.47,-0.53,-0.07,0.33,-0.04,0.28,-0.26
20090930,0.13,-1.29,-0.37,-0.42,0.02,-0.67,-0.29,-0.34,-0.79,-0.84
20091001,-1.29,-4.00,-3.05,-2.79,-2.86,-1.98,-1.47,-1.89,-1.98,-3.23
20091002,0.45,-1.56,-0.84,-0.67,-0.39,-0.80,-0.64,-0.18,-0.84,-0.66
20091005,0.74,2.69,1.70,2.37,0.98,1.25,1.05,0.58,1.44,2.26
20091006,1.03,1.75,1.48,2.18,1.86,1.28,1.43,0.82,0.87,1.21
20091007,0.08,0.46,-0.07,0.38,0.36,-0.64,0.30,0.05,-0.12,0.71
20091008,0.49,2.01,1.67,2.26,0.48,0.20,1.03,0.26,0.64,0.61
20091009,0.30,0.40,0.51,0.09,1.14,-0.36,0.48,0.87,0.59,0.60
20091012,0.36,1.90,0.08,1.20,0.18,-0.48,-0.09,0.26,0.57,0.53
20091013,-0.34,-0.44,-0.26,0.08,0.03,0.28,0.41,-0.83,-0.52,-0.55
20091014,0.88,2.07,1.91,1.68,1.49,0.61,1.23,1.35,0.50,2.78
20091015,0.59,0.82,0.31,1.70,-0.10,0.49,0.75,0.79,1.19,-0.24
20091016,0.04,-1.42,-0.55,-0.06,-0.99,-0.57,-0.04,-0.43,0.04,-1.87
20091019,0.56,2.18,1.37,1.15,1.05,1.44,0.94,0.89,1.38,0.50
20091020,-0.50,-0.08,-0.78,-0.65,-0.25,-0.39,-0.99,-1.41,-1.09,-0.69
20091021,-0.61,0.49,-0.81,-0.12,-0.34,-0.72,-1.71,-1.27,-0.15,-1.47
20091022,-0.02,0.86,1.53,0.67,0.62,0.97,1.27,0.74,0.25,1.79
20091023,-1.15,-0.88,-1.64,-1.89,-0.45,-1.96,-0.12,-1.25,-1.61,-1.67
20091026,-0.93,-1.27,-1.49,-1.52,-0.38,-1.20,-0.42,-0.99,-1.33,-1.85
20091027,0.07,-2.50,-0.85,1.05,-1.03,-0.27,-1.24,0.21,-0.18,-0.79
20091028,-0.87,-4.34,-2.62,-3.01,-2.05,-0.65,-1.74,-1.59,-1.31,-2.73
20091029,1.42,3.82,2.88,2.35,1.72,1.95,1.98,0.81,1.24,3.07
20091030,-1.85,-3.08,-3.12,-3.65,-2.42,-2.38,-2.24,-1.53,-2.19,-3.56
20091102,0.68,1.93,0.93,0.44,0.28,0.01,1.03,0.57,-0.21,0.56
20091103,-0.34,1.20,0.82,1.10,-0.10,0.05,0.16,0.00,0.11,1.15
20091104,-0.27,-0.91,-0.05,-0.06,0.53,0.24,0.28,0.91,0.55,-0.60
20091105,1.70,3.32,3.02,1.69,2.23,2.41,0.63,1.88,1.69,2.18
20091106,0.08,0.67,0.08,-0.29,0.15,0.35,0.92,0.26,-0.37,0.56
20091109,1.55,3.39,2.58,1.83,2.05,2.16,1.75,1.57,1.90,2.77
20091110,0.47,0.46,-0.27,0.05,-0.06,0.13,-0.04,0.47,0.38,-0.48
20091111,0.32,0.52,0.59,-0.06,0.58,0.43,0.25,0.33,-0.26,1.16
20091112,-0.59,-1.80,-1.32,-2.05,-0.55,-0.86,-0.74,-0.56,-1.45,-1.52
20091113,0.69,1.34,0.86,0.64,0.98,1.01,0.87,0.15,0.76,0.18
20091116,1.01,2.26,2.18,2.54,1.22,1.38,0.99,1.54,1.46,1.54
20091117,0.04,0.62,0.14,0.10,0.44,0.35,-0.50,0.12,-0.20,0.17
20091118,-0.19,-0.29,-0.30,-0.29,-0.51,-0.29,0.16,0.16,-0.48,0.16
20091119,-0.65,-2.16,-1.64,-2.04,-1.68,-0.76,-0.71,-0.67,-1.40,-1.62
20091120,0.19,-0.71,-0.36,-0.83,-0.59,-0.63,-0.06,0.49,0.17,-0.50
20091123,0.90,1.27,1.28,1.52,1.56,1.79,0.83,0.85,1.36,1.38
20091124,-0.04,-0.26,-0.26,0.34,-0.44,0.35,-0.05,0.79,0.50,-0.34
20091125,0.17,0.65,0.84,1.18,0.20,0.37,0.67,0.56,1.04,0.17
20091127,-1.23,-1.84,-1.87,-2.41,-1.66,-1.21,-1.19,-1.11,-1.67,-2.20
20091130,-0.64,0.43,0.23,-0.08,0.20,-0.54,-0.31,-0.21,0.70,1.23
20091201,1.67,1.75,1.71,1.55,1.42,1.57,1.23,1.24,1.65,0.69
20091202,0.31,0.22,0.58,-0.73,0.04,0.40,0.19,0.51,1.09,0.13
20091203,-0.72,-1.19,-1.08,-1.35,-0.21,0.31,-1.06,-0.37,0.03,-1.69
20091204,1.13,1.35,0.56,-0.71,1.00,0.97,0.31,0.17,-0.27,1.43
20091207,0.25,-0.50,0.09,-0.22,-0.33,1.74,0.34,-0.33,0.78,-0.80
20091208,-0.83,-0.87,-1.24,-1.69,-0.82,-0.66,-1.10,-0.89,-0.47,-0.86
20091209,-0.15,0.36,0.40,0.16,0.71,0.20,-0.18,0.55,0.21,0.32
20091210,0.43,0.22,0.26,0.77,0.34,1.12,1.10,0.69,1.21,0.13
20091211,0.31,0.46,0.82,0.10,-0.19,0.64,0.90,0.13,1.47,0.65
20091214,0.66,0.81,1.23,0.32,1.01,0.03,0.41,0.91,0.81,1.00
20091215,-0.25,0.41,-0.44,0.10,-0.48,-0.49,-0.58,-0.24,-0.28,-0.77
20091216,-0.14,0.32,0.22,0.43,0.38,0.12,-0.41,-0.28,-0.12,0.54
20091217,-1.28,-0.64,-1.43,-0.64,-1.17,-1.14,-0.86,-1.07,-0.56,-1.38
20091218,-0.25,1.38,-0.02,0.38,1.51,0.38,0.27,0.46,0.55,0.83
20091221,0.81,0.64,1.06,1.01,1.10,1.19,1.39,0.99,0.60,0.92
20091222,0.64,0.96,0.49,0.47,0.64,0.15,0.43,0.51,-0.41,0.35
20091223,0.43,0.79,0.63,0.47,0.69,-0.03,0.45,0.17,0.27,0.12
20091224,0.44,0.59,0.47,0.53,0.92,0.34,0.18,0.10,0.67,0.44
20091228,0.20,-0.16,0.00,0.26,0.19,0.11,0.36,0.44,0.04,-0.34
20091229,0.03,-0.29,-0.04,-0.66,-0.10,0.40,0.10,-0.13,-0.02,-0.07
20091230,0.04,-0.23,-0.11,-0.07,0.35,-0.27,-0.26,0.03,0.01,-0.06
20091231,-1.07,-0.82,-1.24,-0.95,-1.12,-0.81,-1.21,-1.09,-1.48,-0.66
